LOCATION,INDICATOR,SUBJECT,MEASURE,FREQUENCY,TIME,Value,Flag Codes
AUT,CGEXP,DEF,PC,A,2007,2.28,
AUT,CGEXP,DEF,PC,A,2008,2.64,
AUT,CGEXP,DEF,PC,A,2009,1.92,
AUT,CGEXP,DEF,PC,A,2010,1.82,
AUT,CGEXP,DEF,PC,A,2011,1.81,
AUT,CGEXP,DEF,PC,A,2012,1.71,
AUT,CGEXP,DEF,PC,A,2013,1.78,
AUT,CGEXP,DEF,PC,A,2014,1.63,
AUT,CGEXP,DEF,PC,A,2015,1.66,
AUT,CGEXP,DEF,PC,A,2016,1.83,
AUT,CGEXP,HEALTH,PC,A,2007,3.36,
AUT,CGEXP,HEALTH,PC,A,2008,3.58,
AUT,CGEXP,HEALTH,PC,A,2009,3.45,
AUT,CGEXP,HEALTH,PC,A,2010,3.79,
AUT,CGEXP,HEALTH,PC,A,2011,3.77,
AUT,CGEXP,HEALTH,PC,A,2012,3.89,
AUT,CGEXP,HEALTH,PC,A,2013,3.74,
AUT,CGEXP,HEALTH,PC,A,2014,3.51,
AUT,CGEXP,HEALTH,PC,A,2015,3.79,
AUT,CGEXP,HEALTH,PC,A,2016,3.98,
AUT,CGEXP,HOUCOMM,PC,A,2007,1.45,
AUT,CGEXP,HOUCOMM,PC,A,2008,1.45,
AUT,CGEXP,HOUCOMM,PC,A,2009,0.2,
AUT,CGEXP,HOUCOMM,PC,A,2010,0.22,
AUT,CGEXP,HOUCOMM,PC,A,2011,0.2,
AUT,CGEXP,HOUCOMM,PC,A,2012,0.17,
AUT,CGEXP,HOUCOMM,PC,A,2013,0.12,
AUT,CGEXP,HOUCOMM,PC,A,2014,0.1,
AUT,CGEXP,HOUCOMM,PC,A,2015,0.13,
AUT,CGEXP,HOUCOMM,PC,A,2016,0.1,
AUT,CGEXP,PUBORD,PC,A,2007,3.44,
AUT,CGEXP,PUBORD,PC,A,2008,3.42,
AUT,CGEXP,PUBORD,PC,A,2009,3.32,
AUT,CGEXP,PUBORD,PC,A,2010,3.38,
AUT,CGEXP,PUBORD,PC,A,2011,3.37,
AUT,CGEXP,PUBORD,PC,A,2012,3.37,
AUT,CGEXP,PUBORD,PC,A,2013,3.29,
AUT,CGEXP,PUBORD,PC,A,2014,3.22,
AUT,CGEXP,PUBORD,PC,A,2015,3.38,
AUT,CGEXP,PUBORD,PC,A,2016,3.52,
BEL,CGEXP,ECOAFF,PC,A,2007,5.83,
BEL,CGEXP,ECOAFF,PC,A,2008,6.46,
BEL,CGEXP,ECOAFF,PC,A,2009,7.01,
BEL,CGEXP,ECOAFF,PC,A,2010,7.57,
BEL,CGEXP,ECOAFF,PC,A,2011,8.39,
BEL,CGEXP,ECOAFF,PC,A,2012,9.66,
BEL,CGEXP,ECOAFF,PC,A,2013,7.84,
BEL,CGEXP,ECOAFF,PC,A,2014,7.59,
BEL,CGEXP,ECOAFF,PC,A,2015,7.28,
BEL,CGEXP,ECOAFF,PC,A,2016,6.93,
BEL,CGEXP,RECULTREL,PC,A,2007,0.28,
BEL,CGEXP,RECULTREL,PC,A,2008,0.26,
BEL,CGEXP,RECULTREL,PC,A,2009,0.27,
BEL,CGEXP,RECULTREL,PC,A,2010,0.26,
BEL,CGEXP,RECULTREL,PC,A,2011,0.24,
BEL,CGEXP,RECULTREL,PC,A,2012,0.24,
BEL,CGEXP,RECULTREL,PC,A,2013,0.23,
BEL,CGEXP,RECULTREL,PC,A,2014,0.25,
BEL,CGEXP,RECULTREL,PC,A,2015,0.24,
BEL,CGEXP,RECULTREL,PC,A,2016,0.23,
CZE,CGEXP,DEF,PC,A,2007,3.66,
CZE,CGEXP,DEF,PC,A,2008,3.45,
CZE,CGEXP,DEF,PC,A,2009,3.15,
CZE,CGEXP,DEF,PC,A,2010,3.05,
CZE,CGEXP,DEF,PC,A,2011,2.8,
CZE,CGEXP,DEF,PC,A,2012,2.45,
CZE,CGEXP,DEF,PC,A,2013,2.4,
CZE,CGEXP,DEF,PC,A,2014,2.26,
CZE,CGEXP,DEF,PC,A,2015,3.01,
CZE,CGEXP,DEF,PC,A,2016,2.48,
CZE,CGEXP,HEALTH,PC,A,2007,9.48,
CZE,CGEXP,HEALTH,PC,A,2008,9.49,
CZE,CGEXP,HEALTH,PC,A,2009,9.7,
CZE,CGEXP,HEALTH,PC,A,2010,10.11,
CZE,CGEXP,HEALTH,PC,A,2011,9.93,
CZE,CGEXP,HEALTH,PC,A,2012,9.45,
CZE,CGEXP,HEALTH,PC,A,2013,9.95,
CZE,CGEXP,HEALTH,PC,A,2014,10.3,
CZE,CGEXP,HEALTH,PC,A,2015,10.4,
CZE,CGEXP,HEALTH,PC,A,2016,10.68,
CZE,CGEXP,HOUCOMM,PC,A,2007,1.94,
CZE,CGEXP,HOUCOMM,PC,A,2008,1.63,
CZE,CGEXP,HOUCOMM,PC,A,2009,1.71,
CZE,CGEXP,HOUCOMM,PC,A,2010,1.78,
CZE,CGEXP,HOUCOMM,PC,A,2011,1.54,
CZE,CGEXP,HOUCOMM,PC,A,2012,0.94,
CZE,CGEXP,HOUCOMM,PC,A,2013,0.83,
CZE,CGEXP,HOUCOMM,PC,A,2014,0.84,
CZE,CGEXP,HOUCOMM,PC,A,2015,0.77,
CZE,CGEXP,HOUCOMM,PC,A,2016,0.7,
CZE,CGEXP,PUBORD,PC,A,2007,5.85,
CZE,CGEXP,PUBORD,PC,A,2008,5.78,
CZE,CGEXP,PUBORD,PC,A,2009,5.62,
CZE,CGEXP,PUBORD,PC,A,2010,5.58,
CZE,CGEXP,PUBORD,PC,A,2011,5.08,
CZE,CGEXP,PUBORD,PC,A,2012,4.69,
CZE,CGEXP,PUBORD,PC,A,2013,5.08,
CZE,CGEXP,PUBORD,PC,A,2014,4.99,
CZE,CGEXP,PUBORD,PC,A,2015,5.41,
CZE,CGEXP,PUBORD,PC,A,2016,5.33,
FIN,CGEXP,GRALPUBSER,PC,A,2007,22.21,
FIN,CGEXP,GRALPUBSER,PC,A,2008,21.87,
FIN,CGEXP,GRALPUBSER,PC,A,2009,21.27,
FIN,CGEXP,GRALPUBSER,PC,A,2010,21.27,
FIN,CGEXP,GRALPUBSER,PC,A,2011,22.74,
FIN,CGEXP,GRALPUBSER,PC,A,2012,22.75,
FIN,CGEXP,GRALPUBSER,PC,A,2013,22.7,
FIN,CGEXP,GRALPUBSER,PC,A,2014,22.53,
FIN,CGEXP,GRALPUBSER,PC,A,2015,23.05,
FIN,CGEXP,GRALPUBSER,PC,A,2016,22.37,
FRA,CGEXP,HEALTH,PC,A,2007,1.01,
FRA,CGEXP,HEALTH,PC,A,2008,0.95,
FRA,CGEXP,HEALTH,PC,A,2009,1.03,
FRA,CGEXP,HEALTH,PC,A,2010,1.18,
FRA,CGEXP,HEALTH,PC,A,2011,1.04,
FRA,CGEXP,HEALTH,PC,A,2012,1.04,
FRA,CGEXP,HEALTH,PC,A,2013,1.1,
FRA,CGEXP,HEALTH,PC,A,2014,1.08,
FRA,CGEXP,HEALTH,PC,A,2015,1.02,P
FRA,CGEXP,HEALTH,PC,A,2016,0.98,P
FRA,CGEXP,HOUCOMM,PC,A,2007,1.77,
FRA,CGEXP,HOUCOMM,PC,A,2008,1.59,
FRA,CGEXP,HOUCOMM,PC,A,2009,2.14,
FRA,CGEXP,HOUCOMM,PC,A,2010,2.01,
FRA,CGEXP,HOUCOMM,PC,A,2011,1.98,
FRA,CGEXP,HOUCOMM,PC,A,2012,1.79,
FRA,CGEXP,HOUCOMM,PC,A,2013,1.45,
FRA,CGEXP,HOUCOMM,PC,A,2014,1.34,
FRA,CGEXP,HOUCOMM,PC,A,2015,1.22,P
FRA,CGEXP,HOUCOMM,PC,A,2016,1.17,P
GRC,CGEXP,GRALPUBSER,PC,A,2007,51.46,
GRC,CGEXP,GRALPUBSER,PC,A,2008,49.56,
GRC,CGEXP,GRALPUBSER,PC,A,2009,50.29,
GRC,CGEXP,GRALPUBSER,PC,A,2010,52.51,
GRC,CGEXP,GRALPUBSER,PC,A,2011,54.86,
GRC,CGEXP,GRALPUBSER,PC,A,2012,47.28,
GRC,CGEXP,GRALPUBSER,PC,A,2013,38.93,
GRC,CGEXP,GRALPUBSER,PC,A,2014,48.17,
GRC,CGEXP,GRALPUBSER,PC,A,2015,44.94,
GRC,CGEXP,GRALPUBSER,PC,A,2016,49.21,
HUN,CGEXP,HEALTH,PC,A,2007,8.12,
HUN,CGEXP,HEALTH,PC,A,2008,6.52,
HUN,CGEXP,HEALTH,PC,A,2009,6.8,
HUN,CGEXP,HEALTH,PC,A,2010,10.15,
HUN,CGEXP,HEALTH,PC,A,2011,9.87,
HUN,CGEXP,HEALTH,PC,A,2012,13.47,
HUN,CGEXP,HEALTH,PC,A,2013,15.99,
HUN,CGEXP,HEALTH,PC,A,2014,15.33,
HUN,CGEXP,HEALTH,PC,A,2015,13.91,
HUN,CGEXP,HEALTH,PC,A,2016,12.04,
HUN,CGEXP,SOCPROT,PC,A,2007,21.97,
HUN,CGEXP,SOCPROT,PC,A,2008,22.26,
HUN,CGEXP,SOCPROT,PC,A,2009,24.71,
HUN,CGEXP,SOCPROT,PC,A,2010,22.71,
HUN,CGEXP,SOCPROT,PC,A,2011,18.01,
HUN,CGEXP,SOCPROT,PC,A,2012,16.32,
HUN,CGEXP,SOCPROT,PC,A,2013,13.02,
HUN,CGEXP,SOCPROT,PC,A,2014,11.6,
HUN,CGEXP,SOCPROT,PC,A,2015,11.99,
HUN,CGEXP,SOCPROT,PC,A,2016,11.92,
IRL,CGEXP,GRALPUBSER,PC,A,2007,11.34,
IRL,CGEXP,GRALPUBSER,PC,A,2008,10.89,
IRL,CGEXP,GRALPUBSER,PC,A,2009,11.78,
IRL,CGEXP,GRALPUBSER,PC,A,2010,8.98,
IRL,CGEXP,GRALPUBSER,PC,A,2011,13.35,
IRL,CGEXP,GRALPUBSER,PC,A,2012,16.64,
IRL,CGEXP,GRALPUBSER,PC,A,2013,17.43,
IRL,CGEXP,GRALPUBSER,PC,A,2014,16.81,
IRL,CGEXP,GRALPUBSER,PC,A,2015,15.11,
IRL,CGEXP,GRALPUBSER,PC,A,2016,14.73,
ITA,CGEXP,SOCPROT,PC,A,2007,16.49,
ITA,CGEXP,SOCPROT,PC,A,2008,15.1,
ITA,CGEXP,SOCPROT,PC,A,2009,16.41,
ITA,CGEXP,SOCPROT,PC,A,2010,19.76,
ITA,CGEXP,SOCPROT,PC,A,2011,19.84,
ITA,CGEXP,SOCPROT,PC,A,2012,20.42,
ITA,CGEXP,SOCPROT,PC,A,2013,22.19,
ITA,CGEXP,SOCPROT,PC,A,2014,23.69,
ITA,CGEXP,SOCPROT,PC,A,2015,23.78,
ITA,CGEXP,SOCPROT,PC,A,2016,23.48,
LUX,CGEXP,SOCPROT,PC,A,2007,23.3,
LUX,CGEXP,SOCPROT,PC,A,2008,23.12,
LUX,CGEXP,SOCPROT,PC,A,2009,24.46,
LUX,CGEXP,SOCPROT,PC,A,2010,24.04,
LUX,CGEXP,SOCPROT,PC,A,2011,24.2,
LUX,CGEXP,SOCPROT,PC,A,2012,40.42,
LUX,CGEXP,SOCPROT,PC,A,2013,40.28,
LUX,CGEXP,SOCPROT,PC,A,2014,40.39,P
LUX,CGEXP,SOCPROT,PC,A,2015,40.05,P
LUX,CGEXP,SOCPROT,PC,A,2016,39.72,P
NLD,CGEXP,ENVPROT,PC,A,2007,0.94,
NLD,CGEXP,ENVPROT,PC,A,2008,0.92,
NLD,CGEXP,ENVPROT,PC,A,2009,1.01,
NLD,CGEXP,ENVPROT,PC,A,2010,0.76,
NLD,CGEXP,ENVPROT,PC,A,2011,0.81,
NLD,CGEXP,ENVPROT,PC,A,2012,0.62,
NLD,CGEXP,ENVPROT,PC,A,2013,0.62,
NLD,CGEXP,ENVPROT,PC,A,2014,0.39,
NLD,CGEXP,ENVPROT,PC,A,2015,0.35,
NLD,CGEXP,ENVPROT,PC,A,2016,0.48,P
POL,CGEXP,ENVPROT,PC,A,2007,0.41,
POL,CGEXP,ENVPROT,PC,A,2008,0.57,
POL,CGEXP,ENVPROT,PC,A,2009,0.46,
POL,CGEXP,ENVPROT,PC,A,2010,0.56,
POL,CGEXP,ENVPROT,PC,A,2011,0.75,
POL,CGEXP,ENVPROT,PC,A,2012,0.65,
POL,CGEXP,ENVPROT,PC,A,2013,0.83,
POL,CGEXP,ENVPROT,PC,A,2014,1.01,
POL,CGEXP,ENVPROT,PC,A,2015,0.78,
POL,CGEXP,ENVPROT,PC,A,2016,0.6,
PRT,CGEXP,ECOAFF,PC,A,2007,8.75,
PRT,CGEXP,ECOAFF,PC,A,2008,9.8,
PRT,CGEXP,ECOAFF,PC,A,2009,9,
PRT,CGEXP,ECOAFF,PC,A,2010,11.91,
PRT,CGEXP,ECOAFF,PC,A,2011,8.66,
PRT,CGEXP,ECOAFF,PC,A,2012,7.75,
PRT,CGEXP,ECOAFF,PC,A,2013,7.19,
PRT,CGEXP,ECOAFF,PC,A,2014,15.45,E
PRT,CGEXP,ECOAFF,PC,A,2015,11.05,E
PRT,CGEXP,ECOAFF,PC,A,2016,6.87,E
PRT,CGEXP,RECULTREL,PC,A,2007,1.42,
PRT,CGEXP,RECULTREL,PC,A,2008,1.38,
PRT,CGEXP,RECULTREL,PC,A,2009,1.38,
PRT,CGEXP,RECULTREL,PC,A,2010,1.12,
PRT,CGEXP,RECULTREL,PC,A,2011,1.26,
PRT,CGEXP,RECULTREL,PC,A,2012,0.99,
PRT,CGEXP,RECULTREL,PC,A,2013,0.89,
PRT,CGEXP,RECULTREL,PC,A,2014,0.84,E
PRT,CGEXP,RECULTREL,PC,A,2015,0.79,E
PRT,CGEXP,RECULTREL,PC,A,2016,0.99,E
SVK,CGEXP,EDU,PC,A,2007,10.97,
SVK,CGEXP,EDU,PC,A,2008,10.62,
SVK,CGEXP,EDU,PC,A,2009,11.02,
SVK,CGEXP,EDU,PC,A,2010,10.79,
SVK,CGEXP,EDU,PC,A,2011,11.36,
SVK,CGEXP,EDU,PC,A,2012,11.34,
SVK,CGEXP,EDU,PC,A,2013,10.92,
SVK,CGEXP,EDU,PC,A,2014,11.21,
SVK,CGEXP,EDU,PC,A,2015,10.62,
SVK,CGEXP,EDU,PC,A,2016,10.89,
ESP,CGEXP,DEF,PC,A,2007,5.58,
ESP,CGEXP,DEF,PC,A,2008,5.41,
ESP,CGEXP,DEF,PC,A,2009,4.52,
ESP,CGEXP,DEF,PC,A,2010,5.06,
ESP,CGEXP,DEF,PC,A,2011,5.14,
ESP,CGEXP,DEF,PC,A,2012,3.61,
ESP,CGEXP,DEF,PC,A,2013,4.24,
ESP,CGEXP,DEF,PC,A,2014,3.98,
ESP,CGEXP,DEF,PC,A,2015,4.68,
ESP,CGEXP,DEF,PC,A,2016,4.96,P
ESP,CGEXP,ENVPROT,PC,A,2007,0.6,
ESP,CGEXP,ENVPROT,PC,A,2008,0.59,
ESP,CGEXP,ENVPROT,PC,A,2009,0.68,
ESP,CGEXP,ENVPROT,PC,A,2010,0.53,
ESP,CGEXP,ENVPROT,PC,A,2011,0.44,
ESP,CGEXP,ENVPROT,PC,A,2012,0.26,
ESP,CGEXP,ENVPROT,PC,A,2013,0.25,
ESP,CGEXP,ENVPROT,PC,A,2014,0.27,
ESP,CGEXP,ENVPROT,PC,A,2015,0.3,
ESP,CGEXP,ENVPROT,PC,A,2016,0.29,P
ESP,CGEXP,PUBORD,PC,A,2007,5.75,
ESP,CGEXP,PUBORD,PC,A,2008,5.88,
ESP,CGEXP,PUBORD,PC,A,2009,5.17,
ESP,CGEXP,PUBORD,PC,A,2010,5.71,
ESP,CGEXP,PUBORD,PC,A,2011,5.79,
ESP,CGEXP,PUBORD,PC,A,2012,4.25,
ESP,CGEXP,PUBORD,PC,A,2013,4.88,
ESP,CGEXP,PUBORD,PC,A,2014,5.02,
ESP,CGEXP,PUBORD,PC,A,2015,5.11,
ESP,CGEXP,PUBORD,PC,A,2016,5.12,P
SWE,CGEXP,ECOAFF,PC,A,2007,9.1,
SWE,CGEXP,ECOAFF,PC,A,2008,10.14,
SWE,CGEXP,ECOAFF,PC,A,2009,10.16,
SWE,CGEXP,ECOAFF,PC,A,2010,10.03,
SWE,CGEXP,ECOAFF,PC,A,2011,10.15,
SWE,CGEXP,ECOAFF,PC,A,2012,10.37,
SWE,CGEXP,ECOAFF,PC,A,2013,9.79,
SWE,CGEXP,ECOAFF,PC,A,2014,9.8,
SWE,CGEXP,ECOAFF,PC,A,2015,9.72,
SWE,CGEXP,ECOAFF,PC,A,2016,9.63,
SWE,CGEXP,RECULTREL,PC,A,2007,1.05,
SWE,CGEXP,RECULTREL,PC,A,2008,1.11,
SWE,CGEXP,RECULTREL,PC,A,2009,1.09,
SWE,CGEXP,RECULTREL,PC,A,2010,1.12,
SWE,CGEXP,RECULTREL,PC,A,2011,1.14,
SWE,CGEXP,RECULTREL,PC,A,2012,1.16,
SWE,CGEXP,RECULTREL,PC,A,2013,1.17,
SWE,CGEXP,RECULTREL,PC,A,2014,1.17,
SWE,CGEXP,RECULTREL,PC,A,2015,1.17,
SWE,CGEXP,RECULTREL,PC,A,2016,1.15,
GBR,CGEXP,ECOAFF,PC,A,2007,6.36,
GBR,CGEXP,ECOAFF,PC,A,2008,10.41,
GBR,CGEXP,ECOAFF,PC,A,2009,7.74,
GBR,CGEXP,ECOAFF,PC,A,2010,5.87,
GBR,CGEXP,ECOAFF,PC,A,2011,5.62,
GBR,CGEXP,ECOAFF,PC,A,2012,7.05,
GBR,CGEXP,ECOAFF,PC,A,2013,6.16,
GBR,CGEXP,ECOAFF,PC,A,2014,6.19,
GBR,CGEXP,ECOAFF,PC,A,2015,6.31,
GBR,CGEXP,ECOAFF,PC,A,2016,6.59,
GBR,CGEXP,RECULTREL,PC,A,2007,1.31,
GBR,CGEXP,RECULTREL,PC,A,2008,1.36,
GBR,CGEXP,RECULTREL,PC,A,2009,1.33,
GBR,CGEXP,RECULTREL,PC,A,2010,1.31,
GBR,CGEXP,RECULTREL,PC,A,2011,1.29,
GBR,CGEXP,RECULTREL,PC,A,2012,1.28,
GBR,CGEXP,RECULTREL,PC,A,2013,1.12,
GBR,CGEXP,RECULTREL,PC,A,2014,1.15,
GBR,CGEXP,RECULTREL,PC,A,2015,1.2,
GBR,CGEXP,RECULTREL,PC,A,2016,1.19,
EST,CGEXP,ECOAFF,PC,A,2007,11.45,
EST,CGEXP,ECOAFF,PC,A,2008,11.41,
EST,CGEXP,ECOAFF,PC,A,2009,11.28,
EST,CGEXP,ECOAFF,PC,A,2010,10.62,
EST,CGEXP,ECOAFF,PC,A,2011,11.27,
EST,CGEXP,ECOAFF,PC,A,2012,10.66,
EST,CGEXP,ECOAFF,PC,A,2013,10.22,
EST,CGEXP,ECOAFF,PC,A,2014,11.02,
EST,CGEXP,ECOAFF,PC,A,2015,10.2,
EST,CGEXP,ECOAFF,PC,A,2016,8.84,
SVN,CGEXP,HEALTH,PC,A,2007,11.59,
SVN,CGEXP,HEALTH,PC,A,2008,11.93,
SVN,CGEXP,HEALTH,PC,A,2009,12,
SVN,CGEXP,HEALTH,PC,A,2010,12.4,
SVN,CGEXP,HEALTH,PC,A,2011,12.04,
SVN,CGEXP,HEALTH,PC,A,2012,13.03,
SVN,CGEXP,HEALTH,PC,A,2013,9.18,
SVN,CGEXP,HEALTH,PC,A,2014,11.06,
SVN,CGEXP,HEALTH,PC,A,2015,11.91,
SVN,CGEXP,HEALTH,PC,A,2016,13.28,
SVN,CGEXP,SOCPROT,PC,A,2007,23.76,
SVN,CGEXP,SOCPROT,PC,A,2008,23.11,
SVN,CGEXP,SOCPROT,PC,A,2009,24.72,
SVN,CGEXP,SOCPROT,PC,A,2010,25.83,
SVN,CGEXP,SOCPROT,PC,A,2011,27.69,
SVN,CGEXP,SOCPROT,PC,A,2012,27.18,
SVN,CGEXP,SOCPROT,PC,A,2013,20.77,
SVN,CGEXP,SOCPROT,PC,A,2014,25.38,
SVN,CGEXP,SOCPROT,PC,A,2015,24.32,
SVN,CGEXP,SOCPROT,PC,A,2016,24.05,
BEL,CGEXP,GRALPUBSER,PC,A,2007,69.05,
BEL,CGEXP,GRALPUBSER,PC,A,2008,67.62,
BEL,CGEXP,GRALPUBSER,PC,A,2009,67.21,
BEL,CGEXP,GRALPUBSER,PC,A,2010,66.09,
BEL,CGEXP,GRALPUBSER,PC,A,2011,66.25,
BEL,CGEXP,GRALPUBSER,PC,A,2012,65.6,
BEL,CGEXP,GRALPUBSER,PC,A,2013,66.94,
BEL,CGEXP,GRALPUBSER,PC,A,2014,67.54,
BEL,CGEXP,GRALPUBSER,PC,A,2015,66.7,
BEL,CGEXP,GRALPUBSER,PC,A,2016,66.61,
DNK,CGEXP,GRALPUBSER,PC,A,2007,38.79,
DNK,CGEXP,GRALPUBSER,PC,A,2008,40.76,
DNK,CGEXP,GRALPUBSER,PC,A,2009,41.18,
DNK,CGEXP,GRALPUBSER,PC,A,2010,29.27,
DNK,CGEXP,GRALPUBSER,PC,A,2011,30.18,
DNK,CGEXP,GRALPUBSER,PC,A,2012,31.31,
DNK,CGEXP,GRALPUBSER,PC,A,2013,29.28,
DNK,CGEXP,GRALPUBSER,PC,A,2014,28.54,
DNK,CGEXP,GRALPUBSER,PC,A,2015,28.12,
DNK,CGEXP,GRALPUBSER,PC,A,2016,27.17,
FIN,CGEXP,HEALTH,PC,A,2007,10.94,
FIN,CGEXP,HEALTH,PC,A,2008,11.78,
FIN,CGEXP,HEALTH,PC,A,2009,11.86,
FIN,CGEXP,HEALTH,PC,A,2010,11.51,
FIN,CGEXP,HEALTH,PC,A,2011,11.63,
FIN,CGEXP,HEALTH,PC,A,2012,11.37,
FIN,CGEXP,HEALTH,PC,A,2013,11.28,
FIN,CGEXP,HEALTH,PC,A,2014,11.11,
FIN,CGEXP,HEALTH,PC,A,2015,10.35,
FIN,CGEXP,HEALTH,PC,A,2016,10.85,
DEU,CGEXP,GRALPUBSER,PC,A,2007,27.85,
DEU,CGEXP,GRALPUBSER,PC,A,2008,28.36,
DEU,CGEXP,GRALPUBSER,PC,A,2009,26.72,
DEU,CGEXP,GRALPUBSER,PC,A,2010,25.43,
DEU,CGEXP,GRALPUBSER,PC,A,2011,29.69,
DEU,CGEXP,GRALPUBSER,PC,A,2012,29.26,
DEU,CGEXP,GRALPUBSER,PC,A,2013,30.77,
DEU,CGEXP,GRALPUBSER,PC,A,2014,30.29,
DEU,CGEXP,GRALPUBSER,PC,A,2015,28.76,
DEU,CGEXP,GRALPUBSER,PC,A,2016,28.27,
GRC,CGEXP,SOCPROT,PC,A,2007,7.48,
GRC,CGEXP,SOCPROT,PC,A,2008,7.39,
GRC,CGEXP,SOCPROT,PC,A,2009,8.02,
GRC,CGEXP,SOCPROT,PC,A,2010,8.15,
GRC,CGEXP,SOCPROT,PC,A,2011,8.79,
GRC,CGEXP,SOCPROT,PC,A,2012,9.13,
GRC,CGEXP,SOCPROT,PC,A,2013,7.26,
GRC,CGEXP,SOCPROT,PC,A,2014,11.47,
GRC,CGEXP,SOCPROT,PC,A,2015,10.29,
GRC,CGEXP,SOCPROT,PC,A,2016,11.52,
IRL,CGEXP,SOCPROT,PC,A,2007,37.61,
IRL,CGEXP,SOCPROT,PC,A,2008,37.98,
IRL,CGEXP,SOCPROT,PC,A,2009,38.38,
IRL,CGEXP,SOCPROT,PC,A,2010,26.98,
IRL,CGEXP,SOCPROT,PC,A,2011,34.63,
IRL,CGEXP,SOCPROT,PC,A,2012,37.89,
IRL,CGEXP,SOCPROT,PC,A,2013,37.13,
IRL,CGEXP,SOCPROT,PC,A,2014,36.53,
IRL,CGEXP,SOCPROT,PC,A,2015,35.12,
IRL,CGEXP,SOCPROT,PC,A,2016,35.7,
LUX,CGEXP,EDU,PC,A,2007,17.07,
LUX,CGEXP,EDU,PC,A,2008,17.59,
LUX,CGEXP,EDU,PC,A,2009,17.75,
LUX,CGEXP,EDU,PC,A,2010,19.38,
LUX,CGEXP,EDU,PC,A,2011,19.62,
LUX,CGEXP,EDU,PC,A,2012,15.08,
LUX,CGEXP,EDU,PC,A,2013,14.57,
LUX,CGEXP,EDU,PC,A,2014,14.61,P
LUX,CGEXP,EDU,PC,A,2015,14.54,P
LUX,CGEXP,EDU,PC,A,2016,14.34,P
NLD,CGEXP,ECOAFF,PC,A,2007,11.16,
NLD,CGEXP,ECOAFF,PC,A,2008,11.05,
NLD,CGEXP,ECOAFF,PC,A,2009,12.88,
NLD,CGEXP,ECOAFF,PC,A,2010,11.66,
NLD,CGEXP,ECOAFF,PC,A,2011,11.29,
NLD,CGEXP,ECOAFF,PC,A,2012,10.82,
NLD,CGEXP,ECOAFF,PC,A,2013,9.5,
NLD,CGEXP,ECOAFF,PC,A,2014,10.64,
NLD,CGEXP,ECOAFF,PC,A,2015,9.98,
NLD,CGEXP,ECOAFF,PC,A,2016,9.63,P
POL,CGEXP,ECOAFF,PC,A,2007,12.75,
POL,CGEXP,ECOAFF,PC,A,2008,13.51,
POL,CGEXP,ECOAFF,PC,A,2009,13.51,
POL,CGEXP,ECOAFF,PC,A,2010,13.01,
POL,CGEXP,ECOAFF,PC,A,2011,13.69,
POL,CGEXP,ECOAFF,PC,A,2012,12.96,
POL,CGEXP,ECOAFF,PC,A,2013,9.74,
POL,CGEXP,ECOAFF,PC,A,2014,12.8,
POL,CGEXP,ECOAFF,PC,A,2015,12.87,
POL,CGEXP,ECOAFF,PC,A,2016,12.29,
POL,CGEXP,RECULTREL,PC,A,2007,1.46,
POL,CGEXP,RECULTREL,PC,A,2008,1.63,
POL,CGEXP,RECULTREL,PC,A,2009,1.33,
POL,CGEXP,RECULTREL,PC,A,2010,1.4,
POL,CGEXP,RECULTREL,PC,A,2011,1.23,
POL,CGEXP,RECULTREL,PC,A,2012,1.19,
POL,CGEXP,RECULTREL,PC,A,2013,1.17,
POL,CGEXP,RECULTREL,PC,A,2014,1.22,
POL,CGEXP,RECULTREL,PC,A,2015,1.25,
POL,CGEXP,RECULTREL,PC,A,2016,1.35,
PRT,CGEXP,EDU,PC,A,2007,16.68,
PRT,CGEXP,EDU,PC,A,2008,17.13,
PRT,CGEXP,EDU,PC,A,2009,16.45,
PRT,CGEXP,EDU,PC,A,2010,15.78,
PRT,CGEXP,EDU,PC,A,2011,14.95,
PRT,CGEXP,EDU,PC,A,2012,13.43,
PRT,CGEXP,EDU,PC,A,2013,13.23,
PRT,CGEXP,EDU,PC,A,2014,12.21,E
PRT,CGEXP,EDU,PC,A,2015,11.7,E
PRT,CGEXP,EDU,PC,A,2016,12.08,E
SVK,CGEXP,DEF,PC,A,2007,3.29,
SVK,CGEXP,DEF,PC,A,2008,3.3,
SVK,CGEXP,DEF,PC,A,2009,3.21,
SVK,CGEXP,DEF,PC,A,2010,3.28,
SVK,CGEXP,DEF,PC,A,2011,3.34,
SVK,CGEXP,DEF,PC,A,2012,3.3,
SVK,CGEXP,DEF,PC,A,2013,3.45,
SVK,CGEXP,DEF,PC,A,2014,3.44,
SVK,CGEXP,DEF,PC,A,2015,3.6,
SVK,CGEXP,DEF,PC,A,2016,3.81,
SVK,CGEXP,ENVPROT,PC,A,2007,1.4,
SVK,CGEXP,ENVPROT,PC,A,2008,1.61,
SVK,CGEXP,ENVPROT,PC,A,2009,1.64,
SVK,CGEXP,ENVPROT,PC,A,2010,1.39,
SVK,CGEXP,ENVPROT,PC,A,2011,1.24,
SVK,CGEXP,ENVPROT,PC,A,2012,1.58,
SVK,CGEXP,ENVPROT,PC,A,2013,1.54,
SVK,CGEXP,ENVPROT,PC,A,2014,1.64,
SVK,CGEXP,ENVPROT,PC,A,2015,1.78,
SVK,CGEXP,ENVPROT,PC,A,2016,1.15,
SVK,CGEXP,PUBORD,PC,A,2007,7.69,
SVK,CGEXP,PUBORD,PC,A,2008,7.82,
SVK,CGEXP,PUBORD,PC,A,2009,7.46,
SVK,CGEXP,PUBORD,PC,A,2010,7.53,
SVK,CGEXP,PUBORD,PC,A,2011,7.79,
SVK,CGEXP,PUBORD,PC,A,2012,7.63,
SVK,CGEXP,PUBORD,PC,A,2013,8.05,
SVK,CGEXP,PUBORD,PC,A,2014,8.14,
SVK,CGEXP,PUBORD,PC,A,2015,7.77,
SVK,CGEXP,PUBORD,PC,A,2016,8.6,
ESP,CGEXP,ECOAFF,PC,A,2007,9.98,
ESP,CGEXP,ECOAFF,PC,A,2008,9.93,
ESP,CGEXP,ECOAFF,PC,A,2009,8.09,
ESP,CGEXP,ECOAFF,PC,A,2010,8.23,
ESP,CGEXP,ECOAFF,PC,A,2011,9.9,
ESP,CGEXP,ECOAFF,PC,A,2012,19.5,
ESP,CGEXP,ECOAFF,PC,A,2013,8.42,
ESP,CGEXP,ECOAFF,PC,A,2014,7.97,
ESP,CGEXP,ECOAFF,PC,A,2015,8.16,
ESP,CGEXP,ECOAFF,PC,A,2016,7.76,P
ESP,CGEXP,RECULTREL,PC,A,2007,1.68,
ESP,CGEXP,RECULTREL,PC,A,2008,1.73,
ESP,CGEXP,RECULTREL,PC,A,2009,1.3,
ESP,CGEXP,RECULTREL,PC,A,2010,1.38,
ESP,CGEXP,RECULTREL,PC,A,2011,1.4,
ESP,CGEXP,RECULTREL,PC,A,2012,0.9,
ESP,CGEXP,RECULTREL,PC,A,2013,0.96,
ESP,CGEXP,RECULTREL,PC,A,2014,0.97,
ESP,CGEXP,RECULTREL,PC,A,2015,0.96,
ESP,CGEXP,RECULTREL,PC,A,2016,1,P
SWE,CGEXP,EDU,PC,A,2007,5.56,
SWE,CGEXP,EDU,PC,A,2008,5.73,
SWE,CGEXP,EDU,PC,A,2009,5.91,
SWE,CGEXP,EDU,PC,A,2010,5.7,
SWE,CGEXP,EDU,PC,A,2011,5.86,
SWE,CGEXP,EDU,PC,A,2012,5.64,
SWE,CGEXP,EDU,PC,A,2013,5.69,
SWE,CGEXP,EDU,PC,A,2014,5.66,
SWE,CGEXP,EDU,PC,A,2015,5.8,
SWE,CGEXP,EDU,PC,A,2016,6.12,
EST,CGEXP,EDU,PC,A,2007,8.33,
EST,CGEXP,EDU,PC,A,2008,8.05,
EST,CGEXP,EDU,PC,A,2009,8.2,
EST,CGEXP,EDU,PC,A,2010,8.4,
EST,CGEXP,EDU,PC,A,2011,9.1,
EST,CGEXP,EDU,PC,A,2012,9.14,
EST,CGEXP,EDU,PC,A,2013,7.96,
EST,CGEXP,EDU,PC,A,2014,7.5,
EST,CGEXP,EDU,PC,A,2015,7.44,
EST,CGEXP,EDU,PC,A,2016,6.84,
DNK,CGEXP,ENVPROT,PC,A,2007,0.89,
DNK,CGEXP,ENVPROT,PC,A,2008,0.64,
DNK,CGEXP,ENVPROT,PC,A,2009,0.51,
DNK,CGEXP,ENVPROT,PC,A,2010,0.45,
DNK,CGEXP,ENVPROT,PC,A,2011,0.43,
DNK,CGEXP,ENVPROT,PC,A,2012,0.43,
DNK,CGEXP,ENVPROT,PC,A,2013,0.58,
DNK,CGEXP,ENVPROT,PC,A,2014,0.55,
DNK,CGEXP,ENVPROT,PC,A,2015,0.49,
DNK,CGEXP,ENVPROT,PC,A,2016,0.5,
FIN,CGEXP,SOCPROT,PC,A,2007,26.75,
FIN,CGEXP,SOCPROT,PC,A,2008,26.16,
FIN,CGEXP,SOCPROT,PC,A,2009,27.23,
FIN,CGEXP,SOCPROT,PC,A,2010,28.48,
FIN,CGEXP,SOCPROT,PC,A,2011,27.63,
FIN,CGEXP,SOCPROT,PC,A,2012,28.44,
FIN,CGEXP,SOCPROT,PC,A,2013,28.86,
FIN,CGEXP,SOCPROT,PC,A,2014,29.49,
FIN,CGEXP,SOCPROT,PC,A,2015,29.89,
FIN,CGEXP,SOCPROT,PC,A,2016,30.87,
FRA,CGEXP,EDU,PC,A,2007,17.11,
FRA,CGEXP,EDU,PC,A,2008,16.69,
FRA,CGEXP,EDU,PC,A,2009,16.76,
FRA,CGEXP,EDU,PC,A,2010,15.95,
FRA,CGEXP,EDU,PC,A,2011,16.72,
FRA,CGEXP,EDU,PC,A,2012,16.65,
FRA,CGEXP,EDU,PC,A,2013,16.68,
FRA,CGEXP,EDU,PC,A,2014,16.69,
FRA,CGEXP,EDU,PC,A,2015,16.71,P
FRA,CGEXP,EDU,PC,A,2016,16.74,P
DEU,CGEXP,ENVPROT,PC,A,2007,0.6,
DEU,CGEXP,ENVPROT,PC,A,2008,0.65,
DEU,CGEXP,ENVPROT,PC,A,2009,1.98,
DEU,CGEXP,ENVPROT,PC,A,2010,1.07,
DEU,CGEXP,ENVPROT,PC,A,2011,1.13,
DEU,CGEXP,ENVPROT,PC,A,2012,1.35,
DEU,CGEXP,ENVPROT,PC,A,2013,1.4,
DEU,CGEXP,ENVPROT,PC,A,2014,1.49,
DEU,CGEXP,ENVPROT,PC,A,2015,1.5,
DEU,CGEXP,ENVPROT,PC,A,2016,1.61,
GRC,CGEXP,ECOAFF,PC,A,2007,8.86,
GRC,CGEXP,ECOAFF,PC,A,2008,11.67,
GRC,CGEXP,ECOAFF,PC,A,2009,10.08,
GRC,CGEXP,ECOAFF,PC,A,2010,8.24,
GRC,CGEXP,ECOAFF,PC,A,2011,7.9,
GRC,CGEXP,ECOAFF,PC,A,2012,14.62,
GRC,CGEXP,ECOAFF,PC,A,2013,30.12,
GRC,CGEXP,ECOAFF,PC,A,2014,7.6,
GRC,CGEXP,ECOAFF,PC,A,2015,14.72,
GRC,CGEXP,ECOAFF,PC,A,2016,7.25,
GRC,CGEXP,RECULTREL,PC,A,2007,1.42,
GRC,CGEXP,RECULTREL,PC,A,2008,1.47,
GRC,CGEXP,RECULTREL,PC,A,2009,1.24,
GRC,CGEXP,RECULTREL,PC,A,2010,1.1,
GRC,CGEXP,RECULTREL,PC,A,2011,1.03,
GRC,CGEXP,RECULTREL,PC,A,2012,0.97,
GRC,CGEXP,RECULTREL,PC,A,2013,0.71,
GRC,CGEXP,RECULTREL,PC,A,2014,0.84,
GRC,CGEXP,RECULTREL,PC,A,2015,0.81,
GRC,CGEXP,RECULTREL,PC,A,2016,0.95,
HUN,CGEXP,EDU,PC,A,2007,11.71,
HUN,CGEXP,EDU,PC,A,2008,11.11,
HUN,CGEXP,EDU,PC,A,2009,11.18,
HUN,CGEXP,EDU,PC,A,2010,10.61,
HUN,CGEXP,EDU,PC,A,2011,9.78,
HUN,CGEXP,EDU,PC,A,2012,9.62,
HUN,CGEXP,EDU,PC,A,2013,10.88,
HUN,CGEXP,EDU,PC,A,2014,12.27,
HUN,CGEXP,EDU,PC,A,2015,12.98,
HUN,CGEXP,EDU,PC,A,2016,13.26,
IRL,CGEXP,ECOAFF,PC,A,2007,9.09,
IRL,CGEXP,ECOAFF,PC,A,2008,12.28,
IRL,CGEXP,ECOAFF,PC,A,2009,13.41,
IRL,CGEXP,ECOAFF,PC,A,2010,39.14,
IRL,CGEXP,ECOAFF,PC,A,2011,15.79,
IRL,CGEXP,ECOAFF,PC,A,2012,6.39,
IRL,CGEXP,ECOAFF,PC,A,2013,7.36,
IRL,CGEXP,ECOAFF,PC,A,2014,7.51,
IRL,CGEXP,ECOAFF,PC,A,2015,10.93,
IRL,CGEXP,ECOAFF,PC,A,2016,8.37,
IRL,CGEXP,RECULTREL,PC,A,2007,1.2,
IRL,CGEXP,RECULTREL,PC,A,2008,1.21,
IRL,CGEXP,RECULTREL,PC,A,2009,1.43,
IRL,CGEXP,RECULTREL,PC,A,2010,0.97,
IRL,CGEXP,RECULTREL,PC,A,2011,1.33,
IRL,CGEXP,RECULTREL,PC,A,2012,1.41,
IRL,CGEXP,RECULTREL,PC,A,2013,1.49,
IRL,CGEXP,RECULTREL,PC,A,2014,1.5,
IRL,CGEXP,RECULTREL,PC,A,2015,1.47,
IRL,CGEXP,RECULTREL,PC,A,2016,1.61,
ITA,CGEXP,EDU,PC,A,2007,13.49,
ITA,CGEXP,EDU,PC,A,2008,12.89,
ITA,CGEXP,EDU,PC,A,2009,12.13,
ITA,CGEXP,EDU,PC,A,2010,11.95,
ITA,CGEXP,EDU,PC,A,2011,11.38,
ITA,CGEXP,EDU,PC,A,2012,11.24,
ITA,CGEXP,EDU,PC,A,2013,11.26,
ITA,CGEXP,EDU,PC,A,2014,12.12,
ITA,CGEXP,EDU,PC,A,2015,11.93,
ITA,CGEXP,EDU,PC,A,2016,11.82,
NLD,CGEXP,RECULTREL,PC,A,2007,1.23,
NLD,CGEXP,RECULTREL,PC,A,2008,1.46,
NLD,CGEXP,RECULTREL,PC,A,2009,1.28,
NLD,CGEXP,RECULTREL,PC,A,2010,1.25,
NLD,CGEXP,RECULTREL,PC,A,2011,1.2,
NLD,CGEXP,RECULTREL,PC,A,2012,1.26,
NLD,CGEXP,RECULTREL,PC,A,2013,1.1,
NLD,CGEXP,RECULTREL,PC,A,2014,1.13,
NLD,CGEXP,RECULTREL,PC,A,2015,1.09,
NLD,CGEXP,RECULTREL,PC,A,2016,1.16,P
PRT,CGEXP,GRALPUBSER,PC,A,2007,31.4,
PRT,CGEXP,GRALPUBSER,PC,A,2008,29.24,
PRT,CGEXP,GRALPUBSER,PC,A,2009,30.48,
PRT,CGEXP,GRALPUBSER,PC,A,2010,30.62,
PRT,CGEXP,GRALPUBSER,PC,A,2011,34.52,
PRT,CGEXP,GRALPUBSER,PC,A,2012,39.1,
PRT,CGEXP,GRALPUBSER,PC,A,2013,39.25,
PRT,CGEXP,GRALPUBSER,PC,A,2014,35.1,E
PRT,CGEXP,GRALPUBSER,PC,A,2015,36.4,E
PRT,CGEXP,GRALPUBSER,PC,A,2016,38.15,E
SVK,CGEXP,HEALTH,PC,A,2007,6.29,
SVK,CGEXP,HEALTH,PC,A,2008,6.19,
SVK,CGEXP,HEALTH,PC,A,2009,6.01,
SVK,CGEXP,HEALTH,PC,A,2010,6.04,
SVK,CGEXP,HEALTH,PC,A,2011,6.26,
SVK,CGEXP,HEALTH,PC,A,2012,6.11,
SVK,CGEXP,HEALTH,PC,A,2013,6.36,
SVK,CGEXP,HEALTH,PC,A,2014,6.42,
SVK,CGEXP,HEALTH,PC,A,2015,5.96,
SVK,CGEXP,HEALTH,PC,A,2016,6.86,
SVK,CGEXP,HOUCOMM,PC,A,2007,0.44,
SVK,CGEXP,HOUCOMM,PC,A,2008,0.49,
SVK,CGEXP,HOUCOMM,PC,A,2009,0.65,
SVK,CGEXP,HOUCOMM,PC,A,2010,0.5,
SVK,CGEXP,HOUCOMM,PC,A,2011,0.52,
SVK,CGEXP,HOUCOMM,PC,A,2012,0.38,
SVK,CGEXP,HOUCOMM,PC,A,2013,0.32,
SVK,CGEXP,HOUCOMM,PC,A,2014,0.31,
SVK,CGEXP,HOUCOMM,PC,A,2015,0.51,
SVK,CGEXP,HOUCOMM,PC,A,2016,0.38,
SWE,CGEXP,GRALPUBSER,PC,A,2007,29.48,
SWE,CGEXP,GRALPUBSER,PC,A,2008,29.39,
SWE,CGEXP,GRALPUBSER,PC,A,2009,28.91,
SWE,CGEXP,GRALPUBSER,PC,A,2010,31.42,
SWE,CGEXP,GRALPUBSER,PC,A,2011,32.27,
SWE,CGEXP,GRALPUBSER,PC,A,2012,31.67,
SWE,CGEXP,GRALPUBSER,PC,A,2013,32.14,
SWE,CGEXP,GRALPUBSER,PC,A,2014,32.94,
SWE,CGEXP,GRALPUBSER,PC,A,2015,32.6,
SWE,CGEXP,GRALPUBSER,PC,A,2016,29.96,
GBR,CGEXP,GRALPUBSER,PC,A,2007,16.24,
GBR,CGEXP,GRALPUBSER,PC,A,2008,14.98,
GBR,CGEXP,GRALPUBSER,PC,A,2009,11.31,
GBR,CGEXP,GRALPUBSER,PC,A,2010,13.38,
GBR,CGEXP,GRALPUBSER,PC,A,2011,14.42,
GBR,CGEXP,GRALPUBSER,PC,A,2012,13.21,
GBR,CGEXP,GRALPUBSER,PC,A,2013,13.87,
GBR,CGEXP,GRALPUBSER,PC,A,2014,13.2,
GBR,CGEXP,GRALPUBSER,PC,A,2015,12.24,
GBR,CGEXP,GRALPUBSER,PC,A,2016,12.48,
EST,CGEXP,GRALPUBSER,PC,A,2007,29.09,
EST,CGEXP,GRALPUBSER,PC,A,2008,26.04,
EST,CGEXP,GRALPUBSER,PC,A,2009,24.75,
EST,CGEXP,GRALPUBSER,PC,A,2010,25.04,
EST,CGEXP,GRALPUBSER,PC,A,2011,26.03,
EST,CGEXP,GRALPUBSER,PC,A,2012,25.96,
EST,CGEXP,GRALPUBSER,PC,A,2013,27.47,
EST,CGEXP,GRALPUBSER,PC,A,2014,26.92,
EST,CGEXP,GRALPUBSER,PC,A,2015,27.46,
EST,CGEXP,GRALPUBSER,PC,A,2016,27.46,
SVN,CGEXP,EDU,PC,A,2007,18,
SVN,CGEXP,EDU,PC,A,2008,17.7,
SVN,CGEXP,EDU,PC,A,2009,18.52,
SVN,CGEXP,EDU,PC,A,2010,16.63,
SVN,CGEXP,EDU,PC,A,2011,15.25,
SVN,CGEXP,EDU,PC,A,2012,16.13,
SVN,CGEXP,EDU,PC,A,2013,11.65,
SVN,CGEXP,EDU,PC,A,2014,13.46,
SVN,CGEXP,EDU,PC,A,2015,13.49,
SVN,CGEXP,EDU,PC,A,2016,15.39,
AUT,CGEXP,EDU,PC,A,2007,9.91,
AUT,CGEXP,EDU,PC,A,2008,9.9,
AUT,CGEXP,EDU,PC,A,2009,9.51,
AUT,CGEXP,EDU,PC,A,2010,9.89,
AUT,CGEXP,EDU,PC,A,2011,9.93,
AUT,CGEXP,EDU,PC,A,2012,9.92,
AUT,CGEXP,EDU,PC,A,2013,9.8,
AUT,CGEXP,EDU,PC,A,2014,9.35,
AUT,CGEXP,EDU,PC,A,2015,9.69,
AUT,CGEXP,EDU,PC,A,2016,9.87,
BEL,CGEXP,DEF,PC,A,2007,3.73,
BEL,CGEXP,DEF,PC,A,2008,3.74,
BEL,CGEXP,DEF,PC,A,2009,3.43,
BEL,CGEXP,DEF,PC,A,2010,3.31,
BEL,CGEXP,DEF,PC,A,2011,3.09,
BEL,CGEXP,DEF,PC,A,2012,2.95,
BEL,CGEXP,DEF,PC,A,2013,3.02,
BEL,CGEXP,DEF,PC,A,2014,2.88,
BEL,CGEXP,DEF,PC,A,2015,3.05,
BEL,CGEXP,DEF,PC,A,2016,2.98,
BEL,CGEXP,ENVPROT,PC,A,2007,0.17,
BEL,CGEXP,ENVPROT,PC,A,2008,0.25,
BEL,CGEXP,ENVPROT,PC,A,2009,0.27,
BEL,CGEXP,ENVPROT,PC,A,2010,0.82,
BEL,CGEXP,ENVPROT,PC,A,2011,1.36,
BEL,CGEXP,ENVPROT,PC,A,2012,1.3,
BEL,CGEXP,ENVPROT,PC,A,2013,1.06,
BEL,CGEXP,ENVPROT,PC,A,2014,0.66,
BEL,CGEXP,ENVPROT,PC,A,2015,0.41,
BEL,CGEXP,ENVPROT,PC,A,2016,0.32,
BEL,CGEXP,HOUCOMM,PC,A,2007,0,
BEL,CGEXP,HOUCOMM,PC,A,2008,0,
BEL,CGEXP,HOUCOMM,PC,A,2009,0,
BEL,CGEXP,HOUCOMM,PC,A,2010,0,
BEL,CGEXP,HOUCOMM,PC,A,2011,0,
BEL,CGEXP,HOUCOMM,PC,A,2012,0,
BEL,CGEXP,HOUCOMM,PC,A,2013,0,
BEL,CGEXP,HOUCOMM,PC,A,2014,0,
BEL,CGEXP,HOUCOMM,PC,A,2015,0,
BEL,CGEXP,HOUCOMM,PC,A,2016,0,
BEL,CGEXP,PUBORD,PC,A,2007,3.88,
BEL,CGEXP,PUBORD,PC,A,2008,4.11,
BEL,CGEXP,PUBORD,PC,A,2009,4.02,
BEL,CGEXP,PUBORD,PC,A,2010,3.81,
BEL,CGEXP,PUBORD,PC,A,2011,3.63,
BEL,CGEXP,PUBORD,PC,A,2012,3.62,
BEL,CGEXP,PUBORD,PC,A,2013,3.74,
BEL,CGEXP,PUBORD,PC,A,2014,3.78,
BEL,CGEXP,PUBORD,PC,A,2015,3.96,
BEL,CGEXP,PUBORD,PC,A,2016,4.04,
CZE,CGEXP,EDU,PC,A,2007,12.3,
CZE,CGEXP,EDU,PC,A,2008,12.3,
CZE,CGEXP,EDU,PC,A,2009,12.17,
CZE,CGEXP,EDU,PC,A,2010,12.16,
CZE,CGEXP,EDU,PC,A,2011,12.01,
CZE,CGEXP,EDU,PC,A,2012,11.98,
CZE,CGEXP,EDU,PC,A,2013,13.12,
CZE,CGEXP,EDU,PC,A,2014,12.94,
CZE,CGEXP,EDU,PC,A,2015,12.43,
CZE,CGEXP,EDU,PC,A,2016,12.29,
DNK,CGEXP,DEF,PC,A,2007,3.9,
DNK,CGEXP,DEF,PC,A,2008,3.81,
DNK,CGEXP,DEF,PC,A,2009,3.27,
DNK,CGEXP,DEF,PC,A,2010,3.16,
DNK,CGEXP,DEF,PC,A,2011,3.14,
DNK,CGEXP,DEF,PC,A,2012,3.16,
DNK,CGEXP,DEF,PC,A,2013,3.1,
DNK,CGEXP,DEF,PC,A,2014,2.71,
DNK,CGEXP,DEF,PC,A,2015,2.7,
DNK,CGEXP,DEF,PC,A,2016,2.83,
DNK,CGEXP,HEALTH,PC,A,2007,0.78,
DNK,CGEXP,HEALTH,PC,A,2008,0.81,
DNK,CGEXP,HEALTH,PC,A,2009,0.81,
DNK,CGEXP,HEALTH,PC,A,2010,11.29,
DNK,CGEXP,HEALTH,PC,A,2011,11.25,
DNK,CGEXP,HEALTH,PC,A,2012,11.04,
DNK,CGEXP,HEALTH,PC,A,2013,11.37,
DNK,CGEXP,HEALTH,PC,A,2014,11.32,
DNK,CGEXP,HEALTH,PC,A,2015,11.82,
DNK,CGEXP,HEALTH,PC,A,2016,12.13,
DNK,CGEXP,HOUCOMM,PC,A,2007,0.87,
DNK,CGEXP,HOUCOMM,PC,A,2008,0.65,
DNK,CGEXP,HOUCOMM,PC,A,2009,0.84,
DNK,CGEXP,HOUCOMM,PC,A,2010,0.57,
DNK,CGEXP,HOUCOMM,PC,A,2011,0.45,
DNK,CGEXP,HOUCOMM,PC,A,2012,0.4,
DNK,CGEXP,HOUCOMM,PC,A,2013,0.4,
DNK,CGEXP,HOUCOMM,PC,A,2014,0.34,
DNK,CGEXP,HOUCOMM,PC,A,2015,0.56,
DNK,CGEXP,HOUCOMM,PC,A,2016,0.43,
DNK,CGEXP,PUBORD,PC,A,2007,2.29,
DNK,CGEXP,PUBORD,PC,A,2008,2.4,
DNK,CGEXP,PUBORD,PC,A,2009,2.34,
DNK,CGEXP,PUBORD,PC,A,2010,2.23,
DNK,CGEXP,PUBORD,PC,A,2011,2.27,
DNK,CGEXP,PUBORD,PC,A,2012,2.1,
DNK,CGEXP,PUBORD,PC,A,2013,2.2,
DNK,CGEXP,PUBORD,PC,A,2014,2.21,
DNK,CGEXP,PUBORD,PC,A,2015,2.18,
DNK,CGEXP,PUBORD,PC,A,2016,2.34,
FIN,CGEXP,ECOAFF,PC,A,2007,13.69,
FIN,CGEXP,ECOAFF,PC,A,2008,13.52,
FIN,CGEXP,ECOAFF,PC,A,2009,13.24,
FIN,CGEXP,ECOAFF,PC,A,2010,12.92,
FIN,CGEXP,ECOAFF,PC,A,2011,12.59,
FIN,CGEXP,ECOAFF,PC,A,2012,12.34,
FIN,CGEXP,ECOAFF,PC,A,2013,11.92,
FIN,CGEXP,ECOAFF,PC,A,2014,11.92,
FIN,CGEXP,ECOAFF,PC,A,2015,11.88,
FIN,CGEXP,ECOAFF,PC,A,2016,11.74,
FIN,CGEXP,RECULTREL,PC,A,2007,1.63,
FIN,CGEXP,RECULTREL,PC,A,2008,1.66,
FIN,CGEXP,RECULTREL,PC,A,2009,1.7,
FIN,CGEXP,RECULTREL,PC,A,2010,1.75,
FIN,CGEXP,RECULTREL,PC,A,2011,1.76,
FIN,CGEXP,RECULTREL,PC,A,2012,1.58,
FIN,CGEXP,RECULTREL,PC,A,2013,2.55,
FIN,CGEXP,RECULTREL,PC,A,2014,2.68,
FIN,CGEXP,RECULTREL,PC,A,2015,2.62,
FIN,CGEXP,RECULTREL,PC,A,2016,2.51,
DEU,CGEXP,DEF,PC,A,2007,7.18,
DEU,CGEXP,DEF,PC,A,2008,7.53,
DEU,CGEXP,DEF,PC,A,2009,7.73,
DEU,CGEXP,DEF,PC,A,2010,6.87,
DEU,CGEXP,DEF,PC,A,2011,7.63,
DEU,CGEXP,DEF,PC,A,2012,8.26,
DEU,CGEXP,DEF,PC,A,2013,8.24,
DEU,CGEXP,DEF,PC,A,2014,8.3,
DEU,CGEXP,DEF,PC,A,2015,8.35,
DEU,CGEXP,DEF,PC,A,2016,8.66,
DEU,CGEXP,HEALTH,PC,A,2007,1.43,
DEU,CGEXP,HEALTH,PC,A,2008,1.42,
DEU,CGEXP,HEALTH,PC,A,2009,1.43,
DEU,CGEXP,HEALTH,PC,A,2010,1.28,
DEU,CGEXP,HEALTH,PC,A,2011,1.41,
DEU,CGEXP,HEALTH,PC,A,2012,1.47,
DEU,CGEXP,HEALTH,PC,A,2013,1.56,
DEU,CGEXP,HEALTH,PC,A,2014,1.67,
DEU,CGEXP,HEALTH,PC,A,2015,1.69,
DEU,CGEXP,HEALTH,PC,A,2016,1.71,
DEU,CGEXP,HOUCOMM,PC,A,2007,1.71,
DEU,CGEXP,HOUCOMM,PC,A,2008,1.51,
DEU,CGEXP,HOUCOMM,PC,A,2009,1.12,
DEU,CGEXP,HOUCOMM,PC,A,2010,0.8,
DEU,CGEXP,HOUCOMM,PC,A,2011,0.7,
DEU,CGEXP,HOUCOMM,PC,A,2012,0.62,
DEU,CGEXP,HOUCOMM,PC,A,2013,0.56,
DEU,CGEXP,HOUCOMM,PC,A,2014,0.55,
DEU,CGEXP,HOUCOMM,PC,A,2015,0.56,
DEU,CGEXP,HOUCOMM,PC,A,2016,0.56,
DEU,CGEXP,PUBORD,PC,A,2007,1.02,
DEU,CGEXP,PUBORD,PC,A,2008,1.04,
DEU,CGEXP,PUBORD,PC,A,2009,1.03,
DEU,CGEXP,PUBORD,PC,A,2010,0.95,
DEU,CGEXP,PUBORD,PC,A,2011,1.11,
DEU,CGEXP,PUBORD,PC,A,2012,1.19,
DEU,CGEXP,PUBORD,PC,A,2013,1.27,
DEU,CGEXP,PUBORD,PC,A,2014,1.3,
DEU,CGEXP,PUBORD,PC,A,2015,1.31,
DEU,CGEXP,PUBORD,PC,A,2016,1.52,
HUN,CGEXP,GRALPUBSER,PC,A,2007,25.51,
HUN,CGEXP,GRALPUBSER,PC,A,2008,30.14,
HUN,CGEXP,GRALPUBSER,PC,A,2009,29.43,
HUN,CGEXP,GRALPUBSER,PC,A,2010,27.59,
HUN,CGEXP,GRALPUBSER,PC,A,2011,28.43,
HUN,CGEXP,GRALPUBSER,PC,A,2012,28.92,
HUN,CGEXP,GRALPUBSER,PC,A,2013,30.98,
HUN,CGEXP,GRALPUBSER,PC,A,2014,27.9,
HUN,CGEXP,GRALPUBSER,PC,A,2015,21.74,
HUN,CGEXP,GRALPUBSER,PC,A,2016,21.78,
ITA,CGEXP,GRALPUBSER,PC,A,2007,31.76,
ITA,CGEXP,GRALPUBSER,PC,A,2008,33.59,
ITA,CGEXP,GRALPUBSER,PC,A,2009,29.91,
ITA,CGEXP,GRALPUBSER,PC,A,2010,27.73,
ITA,CGEXP,GRALPUBSER,PC,A,2011,32.51,
ITA,CGEXP,GRALPUBSER,PC,A,2012,33.89,
ITA,CGEXP,GRALPUBSER,PC,A,2013,30.61,
ITA,CGEXP,GRALPUBSER,PC,A,2014,26.98,
ITA,CGEXP,GRALPUBSER,PC,A,2015,28.24,
ITA,CGEXP,GRALPUBSER,PC,A,2016,26.19,
LUX,CGEXP,GRALPUBSER,PC,A,2007,29.22,
LUX,CGEXP,GRALPUBSER,PC,A,2008,30.31,
LUX,CGEXP,GRALPUBSER,PC,A,2009,26.25,
LUX,CGEXP,GRALPUBSER,PC,A,2010,25.61,
LUX,CGEXP,GRALPUBSER,PC,A,2011,27.1,
LUX,CGEXP,GRALPUBSER,PC,A,2012,19.88,
LUX,CGEXP,GRALPUBSER,PC,A,2013,19.64,
LUX,CGEXP,GRALPUBSER,PC,A,2014,18.76,P
LUX,CGEXP,GRALPUBSER,PC,A,2015,18.9,P
LUX,CGEXP,GRALPUBSER,PC,A,2016,18.8,P
PRT,CGEXP,ENVPROT,PC,A,2007,0.37,
PRT,CGEXP,ENVPROT,PC,A,2008,0.41,
PRT,CGEXP,ENVPROT,PC,A,2009,0.26,
PRT,CGEXP,ENVPROT,PC,A,2010,0.26,
PRT,CGEXP,ENVPROT,PC,A,2011,0.27,
PRT,CGEXP,ENVPROT,PC,A,2012,0.18,
PRT,CGEXP,ENVPROT,PC,A,2013,0.25,
PRT,CGEXP,ENVPROT,PC,A,2014,0.22,E
PRT,CGEXP,ENVPROT,PC,A,2015,0.41,E
PRT,CGEXP,ENVPROT,PC,A,2016,0.38,E
SVK,CGEXP,SOCPROT,PC,A,2007,25.75,
SVK,CGEXP,SOCPROT,PC,A,2008,24.68,
SVK,CGEXP,SOCPROT,PC,A,2009,24.5,
SVK,CGEXP,SOCPROT,PC,A,2010,29.85,
SVK,CGEXP,SOCPROT,PC,A,2011,28.26,
SVK,CGEXP,SOCPROT,PC,A,2012,28.63,
SVK,CGEXP,SOCPROT,PC,A,2013,25.4,
SVK,CGEXP,SOCPROT,PC,A,2014,24.52,
SVK,CGEXP,SOCPROT,PC,A,2015,22.01,
SVK,CGEXP,SOCPROT,PC,A,2016,24.48,
ESP,CGEXP,EDU,PC,A,2007,0.82,
ESP,CGEXP,EDU,PC,A,2008,0.82,
ESP,CGEXP,EDU,PC,A,2009,0.74,
ESP,CGEXP,EDU,PC,A,2010,0.8,
ESP,CGEXP,EDU,PC,A,2011,0.8,
ESP,CGEXP,EDU,PC,A,2012,0.63,
ESP,CGEXP,EDU,PC,A,2013,0.65,
ESP,CGEXP,EDU,PC,A,2014,0.75,
ESP,CGEXP,EDU,PC,A,2015,0.75,
ESP,CGEXP,EDU,PC,A,2016,0.75,P
SWE,CGEXP,ENVPROT,PC,A,2007,0.51,
SWE,CGEXP,ENVPROT,PC,A,2008,0.48,
SWE,CGEXP,ENVPROT,PC,A,2009,0.49,
SWE,CGEXP,ENVPROT,PC,A,2010,0.44,
SWE,CGEXP,ENVPROT,PC,A,2011,0.44,
SWE,CGEXP,ENVPROT,PC,A,2012,0.48,
SWE,CGEXP,ENVPROT,PC,A,2013,0.46,
SWE,CGEXP,ENVPROT,PC,A,2014,0.43,
SWE,CGEXP,ENVPROT,PC,A,2015,0.47,
SWE,CGEXP,ENVPROT,PC,A,2016,0.51,
GBR,CGEXP,DEF,PC,A,2007,5.8,
GBR,CGEXP,DEF,PC,A,2008,5.81,
GBR,CGEXP,DEF,PC,A,2009,5.85,
GBR,CGEXP,DEF,PC,A,2010,5.83,
GBR,CGEXP,DEF,PC,A,2011,5.86,
GBR,CGEXP,DEF,PC,A,2012,5.55,
GBR,CGEXP,DEF,PC,A,2013,5.49,
GBR,CGEXP,DEF,PC,A,2014,5.34,
GBR,CGEXP,DEF,PC,A,2015,5.32,
GBR,CGEXP,DEF,PC,A,2016,5.18,
GBR,CGEXP,ENVPROT,PC,A,2007,1.18,
GBR,CGEXP,ENVPROT,PC,A,2008,0.93,
GBR,CGEXP,ENVPROT,PC,A,2009,1.1,
GBR,CGEXP,ENVPROT,PC,A,2010,1.08,
GBR,CGEXP,ENVPROT,PC,A,2011,0.94,
GBR,CGEXP,ENVPROT,PC,A,2012,0.92,
GBR,CGEXP,ENVPROT,PC,A,2013,0.88,
GBR,CGEXP,ENVPROT,PC,A,2014,1.03,
GBR,CGEXP,ENVPROT,PC,A,2015,0.97,
GBR,CGEXP,ENVPROT,PC,A,2016,0.93,
GBR,CGEXP,PUBORD,PC,A,2007,4.34,
GBR,CGEXP,PUBORD,PC,A,2008,4.23,
GBR,CGEXP,PUBORD,PC,A,2009,4.26,
GBR,CGEXP,PUBORD,PC,A,2010,4.07,
GBR,CGEXP,PUBORD,PC,A,2011,3.87,
GBR,CGEXP,PUBORD,PC,A,2012,3.86,
GBR,CGEXP,PUBORD,PC,A,2013,4.13,
GBR,CGEXP,PUBORD,PC,A,2014,4.07,
GBR,CGEXP,PUBORD,PC,A,2015,4.16,
GBR,CGEXP,PUBORD,PC,A,2016,4.19,
EST,CGEXP,ENVPROT,PC,A,2007,1.98,
EST,CGEXP,ENVPROT,PC,A,2008,2.34,
EST,CGEXP,ENVPROT,PC,A,2009,1.87,
EST,CGEXP,ENVPROT,PC,A,2010,-1.19,
EST,CGEXP,ENVPROT,PC,A,2011,-1.84,
EST,CGEXP,ENVPROT,PC,A,2012,1.82,
EST,CGEXP,ENVPROT,PC,A,2013,1.24,
EST,CGEXP,ENVPROT,PC,A,2014,1.21,
EST,CGEXP,ENVPROT,PC,A,2015,1.37,
EST,CGEXP,ENVPROT,PC,A,2016,0.96,
SVN,CGEXP,GRALPUBSER,PC,A,2007,17.75,
SVN,CGEXP,GRALPUBSER,PC,A,2008,15.56,
SVN,CGEXP,GRALPUBSER,PC,A,2009,15.36,
SVN,CGEXP,GRALPUBSER,PC,A,2010,14.89,
SVN,CGEXP,GRALPUBSER,PC,A,2011,14.83,
SVN,CGEXP,GRALPUBSER,PC,A,2012,16.09,
SVN,CGEXP,GRALPUBSER,PC,A,2013,13.07,
SVN,CGEXP,GRALPUBSER,PC,A,2014,19.7,
SVN,CGEXP,GRALPUBSER,PC,A,2015,19.14,
SVN,CGEXP,GRALPUBSER,PC,A,2016,20.75,
AUT,CGEXP,GRALPUBSER,PC,A,2007,34.09,
AUT,CGEXP,GRALPUBSER,PC,A,2008,34.24,
AUT,CGEXP,GRALPUBSER,PC,A,2009,33.78,
AUT,CGEXP,GRALPUBSER,PC,A,2010,34.35,
AUT,CGEXP,GRALPUBSER,PC,A,2011,35.52,
AUT,CGEXP,GRALPUBSER,PC,A,2012,35.13,
AUT,CGEXP,GRALPUBSER,PC,A,2013,35.5,
AUT,CGEXP,GRALPUBSER,PC,A,2014,33.91,
AUT,CGEXP,GRALPUBSER,PC,A,2015,35.26,
AUT,CGEXP,GRALPUBSER,PC,A,2016,35.09,
BEL,CGEXP,HEALTH,PC,A,2007,2.82,
BEL,CGEXP,HEALTH,PC,A,2008,3.39,
BEL,CGEXP,HEALTH,PC,A,2009,3.01,
BEL,CGEXP,HEALTH,PC,A,2010,3.63,
BEL,CGEXP,HEALTH,PC,A,2011,2.72,
BEL,CGEXP,HEALTH,PC,A,2012,2.68,
BEL,CGEXP,HEALTH,PC,A,2013,2.76,
BEL,CGEXP,HEALTH,PC,A,2014,2.77,
BEL,CGEXP,HEALTH,PC,A,2015,3.03,
BEL,CGEXP,HEALTH,PC,A,2016,2.86,
CZE,CGEXP,GRALPUBSER,PC,A,2007,12.05,
CZE,CGEXP,GRALPUBSER,PC,A,2008,11.27,
CZE,CGEXP,GRALPUBSER,PC,A,2009,11.66,
CZE,CGEXP,GRALPUBSER,PC,A,2010,11.83,
CZE,CGEXP,GRALPUBSER,PC,A,2011,11.89,
CZE,CGEXP,GRALPUBSER,PC,A,2012,16.64,
CZE,CGEXP,GRALPUBSER,PC,A,2013,11.92,
CZE,CGEXP,GRALPUBSER,PC,A,2014,12.15,
CZE,CGEXP,GRALPUBSER,PC,A,2015,11.06,
CZE,CGEXP,GRALPUBSER,PC,A,2016,10.99,
DNK,CGEXP,SOCPROT,PC,A,2007,35.09,
DNK,CGEXP,SOCPROT,PC,A,2008,34,
DNK,CGEXP,SOCPROT,PC,A,2009,33.81,
DNK,CGEXP,SOCPROT,PC,A,2010,35.96,
DNK,CGEXP,SOCPROT,PC,A,2011,35.35,
DNK,CGEXP,SOCPROT,PC,A,2012,34.27,
DNK,CGEXP,SOCPROT,PC,A,2013,35.01,
DNK,CGEXP,SOCPROT,PC,A,2014,35.59,
DNK,CGEXP,SOCPROT,PC,A,2015,35.42,
DNK,CGEXP,SOCPROT,PC,A,2016,36.06,
FRA,CGEXP,GRALPUBSER,PC,A,2007,32.22,
FRA,CGEXP,GRALPUBSER,PC,A,2008,32.75,
FRA,CGEXP,GRALPUBSER,PC,A,2009,30.99,
FRA,CGEXP,GRALPUBSER,PC,A,2010,34.27,
FRA,CGEXP,GRALPUBSER,PC,A,2011,31.58,
FRA,CGEXP,GRALPUBSER,PC,A,2012,31.23,
FRA,CGEXP,GRALPUBSER,PC,A,2013,31.07,
FRA,CGEXP,GRALPUBSER,PC,A,2014,30.24,
FRA,CGEXP,GRALPUBSER,PC,A,2015,28.29,P
FRA,CGEXP,GRALPUBSER,PC,A,2016,26.88,P
DEU,CGEXP,SOCPROT,PC,A,2007,49.23,
DEU,CGEXP,SOCPROT,PC,A,2008,47.67,
DEU,CGEXP,SOCPROT,PC,A,2009,47.33,
DEU,CGEXP,SOCPROT,PC,A,2010,44.77,
DEU,CGEXP,SOCPROT,PC,A,2011,46.31,
DEU,CGEXP,SOCPROT,PC,A,2012,47,
DEU,CGEXP,SOCPROT,PC,A,2013,45.55,
DEU,CGEXP,SOCPROT,PC,A,2014,44.83,
DEU,CGEXP,SOCPROT,PC,A,2015,45.28,
DEU,CGEXP,SOCPROT,PC,A,2016,45.63,
HUN,CGEXP,ENVPROT,PC,A,2007,1,
HUN,CGEXP,ENVPROT,PC,A,2008,0.95,
HUN,CGEXP,ENVPROT,PC,A,2009,1.01,
HUN,CGEXP,ENVPROT,PC,A,2010,0.58,
HUN,CGEXP,ENVPROT,PC,A,2011,1.01,
HUN,CGEXP,ENVPROT,PC,A,2012,0.99,
HUN,CGEXP,ENVPROT,PC,A,2013,0.88,
HUN,CGEXP,ENVPROT,PC,A,2014,1.27,
HUN,CGEXP,ENVPROT,PC,A,2015,1.97,
HUN,CGEXP,ENVPROT,PC,A,2016,1.27,
IRL,CGEXP,EDU,PC,A,2007,14.15,
IRL,CGEXP,EDU,PC,A,2008,12.08,
IRL,CGEXP,EDU,PC,A,2009,10.76,
IRL,CGEXP,EDU,PC,A,2010,7.59,
IRL,CGEXP,EDU,PC,A,2011,11.75,
IRL,CGEXP,EDU,PC,A,2012,12.43,
IRL,CGEXP,EDU,PC,A,2013,12.13,
IRL,CGEXP,EDU,PC,A,2014,12.1,
IRL,CGEXP,EDU,PC,A,2015,11.94,
IRL,CGEXP,EDU,PC,A,2016,12.72,
ITA,CGEXP,ENVPROT,PC,A,2007,0.72,
ITA,CGEXP,ENVPROT,PC,A,2008,0.84,
ITA,CGEXP,ENVPROT,PC,A,2009,0.71,
ITA,CGEXP,ENVPROT,PC,A,2010,0.63,
ITA,CGEXP,ENVPROT,PC,A,2011,0.61,
ITA,CGEXP,ENVPROT,PC,A,2012,0.56,
ITA,CGEXP,ENVPROT,PC,A,2013,0.46,
ITA,CGEXP,ENVPROT,PC,A,2014,0.41,
ITA,CGEXP,ENVPROT,PC,A,2015,0.38,
ITA,CGEXP,ENVPROT,PC,A,2016,0.45,
LUX,CGEXP,DEF,PC,A,2007,1.25,
LUX,CGEXP,DEF,PC,A,2008,1.77,
LUX,CGEXP,DEF,PC,A,2009,1.97,
LUX,CGEXP,DEF,PC,A,2010,2.51,
LUX,CGEXP,DEF,PC,A,2011,2.05,
LUX,CGEXP,DEF,PC,A,2012,1.17,
LUX,CGEXP,DEF,PC,A,2013,1.09,
LUX,CGEXP,DEF,PC,A,2014,0.99,P
LUX,CGEXP,DEF,PC,A,2015,0.89,P
LUX,CGEXP,DEF,PC,A,2016,1.37,P
LUX,CGEXP,ENVPROT,PC,A,2007,1.7,
LUX,CGEXP,ENVPROT,PC,A,2008,1.63,
LUX,CGEXP,ENVPROT,PC,A,2009,2.15,
LUX,CGEXP,ENVPROT,PC,A,2010,1.82,
LUX,CGEXP,ENVPROT,PC,A,2011,1.53,
LUX,CGEXP,ENVPROT,PC,A,2012,1.49,
LUX,CGEXP,ENVPROT,PC,A,2013,1.29,
LUX,CGEXP,ENVPROT,PC,A,2014,1.32,P
LUX,CGEXP,ENVPROT,PC,A,2015,1.26,P
LUX,CGEXP,ENVPROT,PC,A,2016,0.97,P
NLD,CGEXP,EDU,PC,A,2007,16.39,
NLD,CGEXP,EDU,PC,A,2008,16.48,
NLD,CGEXP,EDU,PC,A,2009,16.18,
NLD,CGEXP,EDU,PC,A,2010,15.26,
NLD,CGEXP,EDU,PC,A,2011,16.61,
NLD,CGEXP,EDU,PC,A,2012,17.13,
NLD,CGEXP,EDU,PC,A,2013,18.22,
NLD,CGEXP,EDU,PC,A,2014,17.43,
NLD,CGEXP,EDU,PC,A,2015,17.42,
NLD,CGEXP,EDU,PC,A,2016,17.73,P
POL,CGEXP,EDU,PC,A,2007,19.04,
POL,CGEXP,EDU,PC,A,2008,18.5,
POL,CGEXP,EDU,PC,A,2009,15.31,
POL,CGEXP,EDU,PC,A,2010,14.99,
POL,CGEXP,EDU,PC,A,2011,16.07,
POL,CGEXP,EDU,PC,A,2012,16.4,
POL,CGEXP,EDU,PC,A,2013,16.54,
POL,CGEXP,EDU,PC,A,2014,17.59,
POL,CGEXP,EDU,PC,A,2015,17.62,
POL,CGEXP,EDU,PC,A,2016,16.22,
PRT,CGEXP,DEF,PC,A,2007,3.54,
PRT,CGEXP,DEF,PC,A,2008,3.76,
PRT,CGEXP,DEF,PC,A,2009,3.97,
PRT,CGEXP,DEF,PC,A,2010,4.98,
PRT,CGEXP,DEF,PC,A,2011,3.4,
PRT,CGEXP,DEF,PC,A,2012,3.08,
PRT,CGEXP,DEF,PC,A,2013,2.94,
PRT,CGEXP,DEF,PC,A,2014,2.6,E
PRT,CGEXP,DEF,PC,A,2015,2.79,E
PRT,CGEXP,DEF,PC,A,2016,2.8,E
PRT,CGEXP,HOUCOMM,PC,A,2007,0.1,
PRT,CGEXP,HOUCOMM,PC,A,2008,0.21,
PRT,CGEXP,HOUCOMM,PC,A,2009,0.25,
PRT,CGEXP,HOUCOMM,PC,A,2010,0.17,
PRT,CGEXP,HOUCOMM,PC,A,2011,0.22,
PRT,CGEXP,HOUCOMM,PC,A,2012,0.15,
PRT,CGEXP,HOUCOMM,PC,A,2013,0.14,
PRT,CGEXP,HOUCOMM,PC,A,2014,0.11,E
PRT,CGEXP,HOUCOMM,PC,A,2015,0.19,E
PRT,CGEXP,HOUCOMM,PC,A,2016,0.14,E
PRT,CGEXP,PUBORD,PC,A,2007,5.13,
PRT,CGEXP,PUBORD,PC,A,2008,5.28,
PRT,CGEXP,PUBORD,PC,A,2009,5.11,
PRT,CGEXP,PUBORD,PC,A,2010,5.01,
PRT,CGEXP,PUBORD,PC,A,2011,5.14,
PRT,CGEXP,PUBORD,PC,A,2012,4.98,
PRT,CGEXP,PUBORD,PC,A,2013,5.35,
PRT,CGEXP,PUBORD,PC,A,2014,4.7,E
PRT,CGEXP,PUBORD,PC,A,2015,4.89,E
PRT,CGEXP,PUBORD,PC,A,2016,5.16,E
SVK,CGEXP,ECOAFF,PC,A,2007,15.74,
SVK,CGEXP,ECOAFF,PC,A,2008,17.5,
SVK,CGEXP,ECOAFF,PC,A,2009,16.85,
SVK,CGEXP,ECOAFF,PC,A,2010,15.07,
SVK,CGEXP,ECOAFF,PC,A,2011,15.19,
SVK,CGEXP,ECOAFF,PC,A,2012,14.53,
SVK,CGEXP,ECOAFF,PC,A,2013,15.16,
SVK,CGEXP,ECOAFF,PC,A,2014,15.39,
SVK,CGEXP,ECOAFF,PC,A,2015,18.2,
SVK,CGEXP,ECOAFF,PC,A,2016,14.78,
SVK,CGEXP,RECULTREL,PC,A,2007,2.06,
SVK,CGEXP,RECULTREL,PC,A,2008,2.05,
SVK,CGEXP,RECULTREL,PC,A,2009,2.07,
SVK,CGEXP,RECULTREL,PC,A,2010,2.04,
SVK,CGEXP,RECULTREL,PC,A,2011,2.07,
SVK,CGEXP,RECULTREL,PC,A,2012,2.01,
SVK,CGEXP,RECULTREL,PC,A,2013,2.02,
SVK,CGEXP,RECULTREL,PC,A,2014,2.06,
SVK,CGEXP,RECULTREL,PC,A,2015,2.14,
SVK,CGEXP,RECULTREL,PC,A,2016,2.34,
SWE,CGEXP,DEF,PC,A,2007,5.18,
SWE,CGEXP,DEF,PC,A,2008,4.99,
SWE,CGEXP,DEF,PC,A,2009,4.73,
SWE,CGEXP,DEF,PC,A,2010,4.89,
SWE,CGEXP,DEF,PC,A,2011,4.76,
SWE,CGEXP,DEF,PC,A,2012,4.59,
SWE,CGEXP,DEF,PC,A,2013,4.73,
SWE,CGEXP,DEF,PC,A,2014,4.2,
SWE,CGEXP,DEF,PC,A,2015,3.85,
SWE,CGEXP,DEF,PC,A,2016,4.07,
SWE,CGEXP,HEALTH,PC,A,2007,4,
SWE,CGEXP,HEALTH,PC,A,2008,4.15,
SWE,CGEXP,HEALTH,PC,A,2009,4.45,
SWE,CGEXP,HEALTH,PC,A,2010,3.99,
SWE,CGEXP,HEALTH,PC,A,2011,4.02,
SWE,CGEXP,HEALTH,PC,A,2012,4.06,
SWE,CGEXP,HEALTH,PC,A,2013,4,
SWE,CGEXP,HEALTH,PC,A,2014,3.95,
SWE,CGEXP,HEALTH,PC,A,2015,3.99,
SWE,CGEXP,HEALTH,PC,A,2016,4.1,
SWE,CGEXP,HOUCOMM,PC,A,2007,0.44,
SWE,CGEXP,HOUCOMM,PC,A,2008,0.41,
SWE,CGEXP,HOUCOMM,PC,A,2009,0.41,
SWE,CGEXP,HOUCOMM,PC,A,2010,0.35,
SWE,CGEXP,HOUCOMM,PC,A,2011,0.29,
SWE,CGEXP,HOUCOMM,PC,A,2012,0.28,
SWE,CGEXP,HOUCOMM,PC,A,2013,0.27,
SWE,CGEXP,HOUCOMM,PC,A,2014,0.29,
SWE,CGEXP,HOUCOMM,PC,A,2015,0.28,
SWE,CGEXP,HOUCOMM,PC,A,2016,0.46,
SWE,CGEXP,PUBORD,PC,A,2007,3.63,
SWE,CGEXP,PUBORD,PC,A,2008,3.73,
SWE,CGEXP,PUBORD,PC,A,2009,3.72,
SWE,CGEXP,PUBORD,PC,A,2010,3.74,
SWE,CGEXP,PUBORD,PC,A,2011,3.78,
SWE,CGEXP,PUBORD,PC,A,2012,3.85,
SWE,CGEXP,PUBORD,PC,A,2013,3.79,
SWE,CGEXP,PUBORD,PC,A,2014,3.78,
SWE,CGEXP,PUBORD,PC,A,2015,3.71,
SWE,CGEXP,PUBORD,PC,A,2016,3.79,
GBR,CGEXP,HEALTH,PC,A,2007,17.56,
GBR,CGEXP,HEALTH,PC,A,2008,16.96,
GBR,CGEXP,HEALTH,PC,A,2009,17.98,
GBR,CGEXP,HEALTH,PC,A,2010,17.45,
GBR,CGEXP,HEALTH,PC,A,2011,17.7,
GBR,CGEXP,HEALTH,PC,A,2012,17.17,
GBR,CGEXP,HEALTH,PC,A,2013,18.17,
GBR,CGEXP,HEALTH,PC,A,2014,18.66,
GBR,CGEXP,HEALTH,PC,A,2015,19.33,
GBR,CGEXP,HEALTH,PC,A,2016,19.79,
GBR,CGEXP,HOUCOMM,PC,A,2007,1.29,
GBR,CGEXP,HOUCOMM,PC,A,2008,1.18,
GBR,CGEXP,HOUCOMM,PC,A,2009,4.21,
GBR,CGEXP,HOUCOMM,PC,A,2010,4.84,
GBR,CGEXP,HOUCOMM,PC,A,2011,3.93,
GBR,CGEXP,HOUCOMM,PC,A,2012,4.91,
GBR,CGEXP,HOUCOMM,PC,A,2013,3.98,
GBR,CGEXP,HOUCOMM,PC,A,2014,4.44,
GBR,CGEXP,HOUCOMM,PC,A,2015,4.19,
GBR,CGEXP,HOUCOMM,PC,A,2016,3.39,
EST,CGEXP,DEF,PC,A,2007,4.32,
EST,CGEXP,DEF,PC,A,2008,5.04,
EST,CGEXP,DEF,PC,A,2009,5.77,
EST,CGEXP,DEF,PC,A,2010,5,
EST,CGEXP,DEF,PC,A,2011,4.68,
EST,CGEXP,DEF,PC,A,2012,5.39,
EST,CGEXP,DEF,PC,A,2013,5.61,
EST,CGEXP,DEF,PC,A,2014,5.48,
EST,CGEXP,DEF,PC,A,2015,5.41,
EST,CGEXP,DEF,PC,A,2016,6.92,
EST,CGEXP,HOUCOMM,PC,A,2007,0.03,
EST,CGEXP,HOUCOMM,PC,A,2008,0,
EST,CGEXP,HOUCOMM,PC,A,2009,0.03,
EST,CGEXP,HOUCOMM,PC,A,2010,0.02,
EST,CGEXP,HOUCOMM,PC,A,2011,0.02,
EST,CGEXP,HOUCOMM,PC,A,2012,0.02,
EST,CGEXP,HOUCOMM,PC,A,2013,0.01,
EST,CGEXP,HOUCOMM,PC,A,2014,0.02,
EST,CGEXP,HOUCOMM,PC,A,2015,0.01,
EST,CGEXP,HOUCOMM,PC,A,2016,0,
EST,CGEXP,PUBORD,PC,A,2007,7.18,
EST,CGEXP,PUBORD,PC,A,2008,7.79,
EST,CGEXP,PUBORD,PC,A,2009,6.02,
EST,CGEXP,PUBORD,PC,A,2010,6.23,
EST,CGEXP,PUBORD,PC,A,2011,6.35,
EST,CGEXP,PUBORD,PC,A,2012,5.96,
EST,CGEXP,PUBORD,PC,A,2013,5.67,
EST,CGEXP,PUBORD,PC,A,2014,5.81,
EST,CGEXP,PUBORD,PC,A,2015,5.06,
EST,CGEXP,PUBORD,PC,A,2016,5.49,
SVN,CGEXP,ENVPROT,PC,A,2007,1.76,
SVN,CGEXP,ENVPROT,PC,A,2008,1.6,
SVN,CGEXP,ENVPROT,PC,A,2009,1.63,
SVN,CGEXP,ENVPROT,PC,A,2010,1.42,
SVN,CGEXP,ENVPROT,PC,A,2011,1.58,
SVN,CGEXP,ENVPROT,PC,A,2012,1.45,
SVN,CGEXP,ENVPROT,PC,A,2013,1.08,
SVN,CGEXP,ENVPROT,PC,A,2014,2.63,
SVN,CGEXP,ENVPROT,PC,A,2015,3.33,
SVN,CGEXP,ENVPROT,PC,A,2016,1.49,
AUT,CGEXP,ENVPROT,PC,A,2007,0.72,
AUT,CGEXP,ENVPROT,PC,A,2008,0.6,
AUT,CGEXP,ENVPROT,PC,A,2009,0.79,
AUT,CGEXP,ENVPROT,PC,A,2010,0.77,
AUT,CGEXP,ENVPROT,PC,A,2011,0.74,
AUT,CGEXP,ENVPROT,PC,A,2012,0.66,
AUT,CGEXP,ENVPROT,PC,A,2013,0.58,
AUT,CGEXP,ENVPROT,PC,A,2014,0.63,
AUT,CGEXP,ENVPROT,PC,A,2015,0.5,
AUT,CGEXP,ENVPROT,PC,A,2016,0.54,
BEL,CGEXP,SOCPROT,PC,A,2007,9.99,
BEL,CGEXP,SOCPROT,PC,A,2008,9.88,
BEL,CGEXP,SOCPROT,PC,A,2009,10.29,
BEL,CGEXP,SOCPROT,PC,A,2010,10.04,
BEL,CGEXP,SOCPROT,PC,A,2011,9.88,
BEL,CGEXP,SOCPROT,PC,A,2012,9.49,
BEL,CGEXP,SOCPROT,PC,A,2013,9.66,
BEL,CGEXP,SOCPROT,PC,A,2014,9.67,
BEL,CGEXP,SOCPROT,PC,A,2015,9.87,
BEL,CGEXP,SOCPROT,PC,A,2016,15.92,
CZE,CGEXP,ENVPROT,PC,A,2007,0.73,
CZE,CGEXP,ENVPROT,PC,A,2008,0.67,
CZE,CGEXP,ENVPROT,PC,A,2009,-0.33,
CZE,CGEXP,ENVPROT,PC,A,2010,0.39,
CZE,CGEXP,ENVPROT,PC,A,2011,1.3,
CZE,CGEXP,ENVPROT,PC,A,2012,1.37,
CZE,CGEXP,ENVPROT,PC,A,2013,0.68,
CZE,CGEXP,ENVPROT,PC,A,2014,0.56,
CZE,CGEXP,ENVPROT,PC,A,2015,0.48,
CZE,CGEXP,ENVPROT,PC,A,2016,0.47,
DNK,CGEXP,ECOAFF,PC,A,2007,5.49,
DNK,CGEXP,ECOAFF,PC,A,2008,4.78,
DNK,CGEXP,ECOAFF,PC,A,2009,5.4,
DNK,CGEXP,ECOAFF,PC,A,2010,5.2,
DNK,CGEXP,ECOAFF,PC,A,2011,5.49,
DNK,CGEXP,ECOAFF,PC,A,2012,5.78,
DNK,CGEXP,ECOAFF,PC,A,2013,5.85,
DNK,CGEXP,ECOAFF,PC,A,2014,6.21,
DNK,CGEXP,ECOAFF,PC,A,2015,6.15,
DNK,CGEXP,ECOAFF,PC,A,2016,5.66,
DNK,CGEXP,RECULTREL,PC,A,2007,2.53,
DNK,CGEXP,RECULTREL,PC,A,2008,2.62,
DNK,CGEXP,RECULTREL,PC,A,2009,2.42,
DNK,CGEXP,RECULTREL,PC,A,2010,2.34,
DNK,CGEXP,RECULTREL,PC,A,2011,2.42,
DNK,CGEXP,RECULTREL,PC,A,2012,2.39,
DNK,CGEXP,RECULTREL,PC,A,2013,2.49,
DNK,CGEXP,RECULTREL,PC,A,2014,2.31,
DNK,CGEXP,RECULTREL,PC,A,2015,2.36,
DNK,CGEXP,RECULTREL,PC,A,2016,2.47,
FIN,CGEXP,EDU,PC,A,2007,13.51,
FIN,CGEXP,EDU,PC,A,2008,13.52,
FIN,CGEXP,EDU,PC,A,2009,13.31,
FIN,CGEXP,EDU,PC,A,2010,12.8,
FIN,CGEXP,EDU,PC,A,2011,13.13,
FIN,CGEXP,EDU,PC,A,2012,12.96,
FIN,CGEXP,EDU,PC,A,2013,12.41,
FIN,CGEXP,EDU,PC,A,2014,12.48,
FIN,CGEXP,EDU,PC,A,2015,12.39,
FIN,CGEXP,EDU,PC,A,2016,12.13,
FRA,CGEXP,DEF,PC,A,2007,7.83,
FRA,CGEXP,DEF,PC,A,2008,7.63,
FRA,CGEXP,DEF,PC,A,2009,7.86,
FRA,CGEXP,DEF,PC,A,2010,7.38,
FRA,CGEXP,DEF,PC,A,2011,7.67,
FRA,CGEXP,DEF,PC,A,2012,7.72,
FRA,CGEXP,DEF,PC,A,2013,7.68,
FRA,CGEXP,DEF,PC,A,2014,7.3,
FRA,CGEXP,DEF,PC,A,2015,7.64,P
FRA,CGEXP,DEF,PC,A,2016,7.98,P
FRA,CGEXP,ENVPROT,PC,A,2007,0.61,
FRA,CGEXP,ENVPROT,PC,A,2008,0.6,
FRA,CGEXP,ENVPROT,PC,A,2009,0.65,
FRA,CGEXP,ENVPROT,PC,A,2010,0.61,
FRA,CGEXP,ENVPROT,PC,A,2011,0.55,
FRA,CGEXP,ENVPROT,PC,A,2012,0.54,
FRA,CGEXP,ENVPROT,PC,A,2013,0.62,
FRA,CGEXP,ENVPROT,PC,A,2014,0.6,
FRA,CGEXP,ENVPROT,PC,A,2015,0.61,P
FRA,CGEXP,ENVPROT,PC,A,2016,0.62,P
FRA,CGEXP,PUBORD,PC,A,2007,5.22,
FRA,CGEXP,PUBORD,PC,A,2008,5.42,
FRA,CGEXP,PUBORD,PC,A,2009,5.53,
FRA,CGEXP,PUBORD,PC,A,2010,5.31,
FRA,CGEXP,PUBORD,PC,A,2011,5.61,
FRA,CGEXP,PUBORD,PC,A,2012,5.55,
FRA,CGEXP,PUBORD,PC,A,2013,5.64,
FRA,CGEXP,PUBORD,PC,A,2014,5.66,
FRA,CGEXP,PUBORD,PC,A,2015,5.66,P
FRA,CGEXP,PUBORD,PC,A,2016,5.78,P
DEU,CGEXP,ECOAFF,PC,A,2007,9.07,
DEU,CGEXP,ECOAFF,PC,A,2008,10.15,
DEU,CGEXP,ECOAFF,PC,A,2009,11.01,
DEU,CGEXP,ECOAFF,PC,A,2010,17.51,
DEU,CGEXP,ECOAFF,PC,A,2011,10.43,
DEU,CGEXP,ECOAFF,PC,A,2012,9.07,
DEU,CGEXP,ECOAFF,PC,A,2013,8.71,
DEU,CGEXP,ECOAFF,PC,A,2014,8.43,
DEU,CGEXP,ECOAFF,PC,A,2015,9.16,
DEU,CGEXP,ECOAFF,PC,A,2016,8.55,
DEU,CGEXP,RECULTREL,PC,A,2007,0.57,
DEU,CGEXP,RECULTREL,PC,A,2008,0.43,
DEU,CGEXP,RECULTREL,PC,A,2009,0.43,
DEU,CGEXP,RECULTREL,PC,A,2010,0.35,
DEU,CGEXP,RECULTREL,PC,A,2011,0.42,
DEU,CGEXP,RECULTREL,PC,A,2012,0.45,
DEU,CGEXP,RECULTREL,PC,A,2013,0.55,
DEU,CGEXP,RECULTREL,PC,A,2014,0.61,
DEU,CGEXP,RECULTREL,PC,A,2015,0.65,
DEU,CGEXP,RECULTREL,PC,A,2016,0.73,
GRC,CGEXP,EDU,PC,A,2007,9.96,
GRC,CGEXP,EDU,PC,A,2008,9.47,
GRC,CGEXP,EDU,PC,A,2009,9.62,
GRC,CGEXP,EDU,PC,A,2010,10.03,
GRC,CGEXP,EDU,PC,A,2011,10.31,
GRC,CGEXP,EDU,PC,A,2012,10.06,
GRC,CGEXP,EDU,PC,A,2013,8.12,
GRC,CGEXP,EDU,PC,A,2014,10.51,
GRC,CGEXP,EDU,PC,A,2015,9.76,
GRC,CGEXP,EDU,PC,A,2016,10.4,
HUN,CGEXP,DEF,PC,A,2007,3.86,
HUN,CGEXP,DEF,PC,A,2008,3.13,
HUN,CGEXP,DEF,PC,A,2009,2.73,
HUN,CGEXP,DEF,PC,A,2010,3.57,
HUN,CGEXP,DEF,PC,A,2011,3.13,
HUN,CGEXP,DEF,PC,A,2012,2.18,
HUN,CGEXP,DEF,PC,A,2013,1.81,
HUN,CGEXP,DEF,PC,A,2014,1.62,
HUN,CGEXP,DEF,PC,A,2015,1.56,
HUN,CGEXP,DEF,PC,A,2016,2.18,
HUN,CGEXP,HOUCOMM,PC,A,2007,0.11,
HUN,CGEXP,HOUCOMM,PC,A,2008,0.25,
HUN,CGEXP,HOUCOMM,PC,A,2009,0.21,
HUN,CGEXP,HOUCOMM,PC,A,2010,0.47,
HUN,CGEXP,HOUCOMM,PC,A,2011,1.1,
HUN,CGEXP,HOUCOMM,PC,A,2012,1.13,
HUN,CGEXP,HOUCOMM,PC,A,2013,0.62,
HUN,CGEXP,HOUCOMM,PC,A,2014,0.77,
HUN,CGEXP,HOUCOMM,PC,A,2015,0.79,
HUN,CGEXP,HOUCOMM,PC,A,2016,1.64,
HUN,CGEXP,PUBORD,PC,A,2007,5.56,
HUN,CGEXP,PUBORD,PC,A,2008,6.05,
HUN,CGEXP,PUBORD,PC,A,2009,5.7,
HUN,CGEXP,PUBORD,PC,A,2010,5.38,
HUN,CGEXP,PUBORD,PC,A,2011,5.47,
HUN,CGEXP,PUBORD,PC,A,2012,5.65,
HUN,CGEXP,PUBORD,PC,A,2013,5.33,
HUN,CGEXP,PUBORD,PC,A,2014,5.11,
HUN,CGEXP,PUBORD,PC,A,2015,5.73,
HUN,CGEXP,PUBORD,PC,A,2016,6.99,
ITA,CGEXP,DEF,PC,A,2007,4.34,
ITA,CGEXP,DEF,PC,A,2008,4.7,
ITA,CGEXP,DEF,PC,A,2009,4.75,
ITA,CGEXP,DEF,PC,A,2010,4.54,
ITA,CGEXP,DEF,PC,A,2011,4.69,
ITA,CGEXP,DEF,PC,A,2012,4.34,
ITA,CGEXP,DEF,PC,A,2013,4.03,
ITA,CGEXP,DEF,PC,A,2014,4.07,
ITA,CGEXP,DEF,PC,A,2015,4.07,
ITA,CGEXP,DEF,PC,A,2016,4.35,
ITA,CGEXP,HEALTH,PC,A,2007,12.63,
ITA,CGEXP,HEALTH,PC,A,2008,13.42,
ITA,CGEXP,HEALTH,PC,A,2009,16.08,
ITA,CGEXP,HEALTH,PC,A,2010,16.45,
ITA,CGEXP,HEALTH,PC,A,2011,11.85,
ITA,CGEXP,HEALTH,PC,A,2012,10.51,
ITA,CGEXP,HEALTH,PC,A,2013,11.17,
ITA,CGEXP,HEALTH,PC,A,2014,13.08,
ITA,CGEXP,HEALTH,PC,A,2015,11.69,
ITA,CGEXP,HEALTH,PC,A,2016,13.44,
ITA,CGEXP,HOUCOMM,PC,A,2007,0.82,
ITA,CGEXP,HOUCOMM,PC,A,2008,1.03,
ITA,CGEXP,HOUCOMM,PC,A,2009,1.13,
ITA,CGEXP,HOUCOMM,PC,A,2010,1.41,
ITA,CGEXP,HOUCOMM,PC,A,2011,1.06,
ITA,CGEXP,HOUCOMM,PC,A,2012,1.03,
ITA,CGEXP,HOUCOMM,PC,A,2013,1.01,
ITA,CGEXP,HOUCOMM,PC,A,2014,0.57,
ITA,CGEXP,HOUCOMM,PC,A,2015,0.46,
ITA,CGEXP,HOUCOMM,PC,A,2016,0.66,
ITA,CGEXP,PUBORD,PC,A,2007,6.1,
ITA,CGEXP,PUBORD,PC,A,2008,5.85,
ITA,CGEXP,PUBORD,PC,A,2009,5.96,
ITA,CGEXP,PUBORD,PC,A,2010,6.1,
ITA,CGEXP,PUBORD,PC,A,2011,6.11,
ITA,CGEXP,PUBORD,PC,A,2012,5.79,
ITA,CGEXP,PUBORD,PC,A,2013,5.74,
ITA,CGEXP,PUBORD,PC,A,2014,5.59,
ITA,CGEXP,PUBORD,PC,A,2015,5.58,
ITA,CGEXP,PUBORD,PC,A,2016,5.61,
LUX,CGEXP,HEALTH,PC,A,2007,2.8,
LUX,CGEXP,HEALTH,PC,A,2008,2.89,
LUX,CGEXP,HEALTH,PC,A,2009,3.43,
LUX,CGEXP,HEALTH,PC,A,2010,3.33,
LUX,CGEXP,HEALTH,PC,A,2011,3.6,
LUX,CGEXP,HEALTH,PC,A,2012,2.02,
LUX,CGEXP,HEALTH,PC,A,2013,2.11,
LUX,CGEXP,HEALTH,PC,A,2014,1.86,P
LUX,CGEXP,HEALTH,PC,A,2015,1.89,P
LUX,CGEXP,HEALTH,PC,A,2016,2.12,P
LUX,CGEXP,HOUCOMM,PC,A,2007,1.05,
LUX,CGEXP,HOUCOMM,PC,A,2008,1.13,
LUX,CGEXP,HOUCOMM,PC,A,2009,1.34,
LUX,CGEXP,HOUCOMM,PC,A,2010,1.33,
LUX,CGEXP,HOUCOMM,PC,A,2011,1.28,
LUX,CGEXP,HOUCOMM,PC,A,2012,1.92,
LUX,CGEXP,HOUCOMM,PC,A,2013,1.82,
LUX,CGEXP,HOUCOMM,PC,A,2014,2.01,P
LUX,CGEXP,HOUCOMM,PC,A,2015,1.88,P
LUX,CGEXP,HOUCOMM,PC,A,2016,1.84,P
LUX,CGEXP,PUBORD,PC,A,2007,3.05,
LUX,CGEXP,PUBORD,PC,A,2008,3.02,
LUX,CGEXP,PUBORD,PC,A,2009,2.94,
LUX,CGEXP,PUBORD,PC,A,2010,3.11,
LUX,CGEXP,PUBORD,PC,A,2011,3.1,
LUX,CGEXP,PUBORD,PC,A,2012,2.93,
LUX,CGEXP,PUBORD,PC,A,2013,2.89,
LUX,CGEXP,PUBORD,PC,A,2014,2.9,P
LUX,CGEXP,PUBORD,PC,A,2015,2.93,P
LUX,CGEXP,PUBORD,PC,A,2016,2.9,P
NLD,CGEXP,GRALPUBSER,PC,A,2007,29.5,
NLD,CGEXP,GRALPUBSER,PC,A,2008,29.87,
NLD,CGEXP,GRALPUBSER,PC,A,2009,27.23,
NLD,CGEXP,GRALPUBSER,PC,A,2010,27.58,
NLD,CGEXP,GRALPUBSER,PC,A,2011,28.35,
NLD,CGEXP,GRALPUBSER,PC,A,2012,27.3,
NLD,CGEXP,GRALPUBSER,PC,A,2013,28.34,
NLD,CGEXP,GRALPUBSER,PC,A,2014,28.37,
NLD,CGEXP,GRALPUBSER,PC,A,2015,31.81,
NLD,CGEXP,GRALPUBSER,PC,A,2016,30.64,P
POL,CGEXP,GRALPUBSER,PC,A,2007,18.52,
POL,CGEXP,GRALPUBSER,PC,A,2008,17.21,
POL,CGEXP,GRALPUBSER,PC,A,2009,19.84,
POL,CGEXP,GRALPUBSER,PC,A,2010,19.37,
POL,CGEXP,GRALPUBSER,PC,A,2011,19.67,
POL,CGEXP,GRALPUBSER,PC,A,2012,20.88,
POL,CGEXP,GRALPUBSER,PC,A,2013,21.86,
POL,CGEXP,GRALPUBSER,PC,A,2014,20.17,
POL,CGEXP,GRALPUBSER,PC,A,2015,19.07,
POL,CGEXP,GRALPUBSER,PC,A,2016,18.24,
PRT,CGEXP,HEALTH,PC,A,2007,19.94,
PRT,CGEXP,HEALTH,PC,A,2008,20.19,
PRT,CGEXP,HEALTH,PC,A,2009,20.07,
PRT,CGEXP,HEALTH,PC,A,2010,17.72,
PRT,CGEXP,HEALTH,PC,A,2011,17.38,
PRT,CGEXP,HEALTH,PC,A,2012,17.1,
PRT,CGEXP,HEALTH,PC,A,2013,16.12,
PRT,CGEXP,HEALTH,PC,A,2014,14.68,E
PRT,CGEXP,HEALTH,PC,A,2015,15.71,E
PRT,CGEXP,HEALTH,PC,A,2016,16.51,E
PRT,CGEXP,SOCPROT,PC,A,2007,12.66,
PRT,CGEXP,SOCPROT,PC,A,2008,12.6,
PRT,CGEXP,SOCPROT,PC,A,2009,13.02,
PRT,CGEXP,SOCPROT,PC,A,2010,12.42,
PRT,CGEXP,SOCPROT,PC,A,2011,14.22,
PRT,CGEXP,SOCPROT,PC,A,2012,13.24,
PRT,CGEXP,SOCPROT,PC,A,2013,14.62,
PRT,CGEXP,SOCPROT,PC,A,2014,14.1,E
PRT,CGEXP,SOCPROT,PC,A,2015,16.07,E
PRT,CGEXP,SOCPROT,PC,A,2016,16.92,E
ESP,CGEXP,GRALPUBSER,PC,A,2007,67.2,
ESP,CGEXP,GRALPUBSER,PC,A,2008,66.97,
ESP,CGEXP,GRALPUBSER,PC,A,2009,71.55,
ESP,CGEXP,GRALPUBSER,PC,A,2010,69.56,
ESP,CGEXP,GRALPUBSER,PC,A,2011,67.98,
ESP,CGEXP,GRALPUBSER,PC,A,2012,64.04,
ESP,CGEXP,GRALPUBSER,PC,A,2013,72.61,
ESP,CGEXP,GRALPUBSER,PC,A,2014,72.73,
ESP,CGEXP,GRALPUBSER,PC,A,2015,71.39,
ESP,CGEXP,GRALPUBSER,PC,A,2016,70.88,P
SWE,CGEXP,SOCPROT,PC,A,2007,41.06,
SWE,CGEXP,SOCPROT,PC,A,2008,39.87,
SWE,CGEXP,SOCPROT,PC,A,2009,40.12,
SWE,CGEXP,SOCPROT,PC,A,2010,38.33,
SWE,CGEXP,SOCPROT,PC,A,2011,37.29,
SWE,CGEXP,SOCPROT,PC,A,2012,37.91,
SWE,CGEXP,SOCPROT,PC,A,2013,37.96,
SWE,CGEXP,SOCPROT,PC,A,2014,37.8,
SWE,CGEXP,SOCPROT,PC,A,2015,38.41,
SWE,CGEXP,SOCPROT,PC,A,2016,40.2,
GBR,CGEXP,SOCPROT,PC,A,2007,33.78,
GBR,CGEXP,SOCPROT,PC,A,2008,32.31,
GBR,CGEXP,SOCPROT,PC,A,2009,34.26,
GBR,CGEXP,SOCPROT,PC,A,2010,34.39,
GBR,CGEXP,SOCPROT,PC,A,2011,35.16,
GBR,CGEXP,SOCPROT,PC,A,2012,35.2,
GBR,CGEXP,SOCPROT,PC,A,2013,35.45,
GBR,CGEXP,SOCPROT,PC,A,2014,34.92,
GBR,CGEXP,SOCPROT,PC,A,2015,35.49,
GBR,CGEXP,SOCPROT,PC,A,2016,35.54,
EST,CGEXP,HEALTH,PC,A,2007,6.52,
EST,CGEXP,HEALTH,PC,A,2008,6.91,
EST,CGEXP,HEALTH,PC,A,2009,6.18,
EST,CGEXP,HEALTH,PC,A,2010,6.7,
EST,CGEXP,HEALTH,PC,A,2011,6.4,
EST,CGEXP,HEALTH,PC,A,2012,6.06,
EST,CGEXP,HEALTH,PC,A,2013,6.47,
EST,CGEXP,HEALTH,PC,A,2014,7.06,
EST,CGEXP,HEALTH,PC,A,2015,7.47,
EST,CGEXP,HEALTH,PC,A,2016,6.61,
EST,CGEXP,SOCPROT,PC,A,2007,26.95,
EST,CGEXP,SOCPROT,PC,A,2008,28.71,
EST,CGEXP,SOCPROT,PC,A,2009,32.37,
EST,CGEXP,SOCPROT,PC,A,2010,35.43,
EST,CGEXP,SOCPROT,PC,A,2011,34.36,
EST,CGEXP,SOCPROT,PC,A,2012,31.86,
EST,CGEXP,SOCPROT,PC,A,2013,31.77,
EST,CGEXP,SOCPROT,PC,A,2014,31.41,
EST,CGEXP,SOCPROT,PC,A,2015,32.04,
EST,CGEXP,SOCPROT,PC,A,2016,33.25,
SVN,CGEXP,DEF,PC,A,2007,5.27,
SVN,CGEXP,DEF,PC,A,2008,5.21,
SVN,CGEXP,DEF,PC,A,2009,5.07,
SVN,CGEXP,DEF,PC,A,2010,4.81,
SVN,CGEXP,DEF,PC,A,2011,3.58,
SVN,CGEXP,DEF,PC,A,2012,3.42,
SVN,CGEXP,DEF,PC,A,2013,2.3,
SVN,CGEXP,DEF,PC,A,2014,2.6,
SVN,CGEXP,DEF,PC,A,2015,2.7,
SVN,CGEXP,DEF,PC,A,2016,3.16,
SVN,CGEXP,HOUCOMM,PC,A,2007,0.77,
SVN,CGEXP,HOUCOMM,PC,A,2008,0.95,
SVN,CGEXP,HOUCOMM,PC,A,2009,0.85,
SVN,CGEXP,HOUCOMM,PC,A,2010,0.78,
SVN,CGEXP,HOUCOMM,PC,A,2011,0.63,
SVN,CGEXP,HOUCOMM,PC,A,2012,1.06,
SVN,CGEXP,HOUCOMM,PC,A,2013,0.66,
SVN,CGEXP,HOUCOMM,PC,A,2014,0.58,
SVN,CGEXP,HOUCOMM,PC,A,2015,0.19,
SVN,CGEXP,HOUCOMM,PC,A,2016,0.13,
SVN,CGEXP,PUBORD,PC,A,2007,6.02,
SVN,CGEXP,PUBORD,PC,A,2008,5.87,
SVN,CGEXP,PUBORD,PC,A,2009,5.67,
SVN,CGEXP,PUBORD,PC,A,2010,5.74,
SVN,CGEXP,PUBORD,PC,A,2011,5.27,
SVN,CGEXP,PUBORD,PC,A,2012,5.36,
SVN,CGEXP,PUBORD,PC,A,2013,4.02,
SVN,CGEXP,PUBORD,PC,A,2014,4.61,
SVN,CGEXP,PUBORD,PC,A,2015,4.61,
SVN,CGEXP,PUBORD,PC,A,2016,5.72,
AUT,CGEXP,ECOAFF,PC,A,2007,12.67,
AUT,CGEXP,ECOAFF,PC,A,2008,12.75,
AUT,CGEXP,ECOAFF,PC,A,2009,14.71,
AUT,CGEXP,ECOAFF,PC,A,2010,12.14,
AUT,CGEXP,ECOAFF,PC,A,2011,11.73,
AUT,CGEXP,ECOAFF,PC,A,2012,12.08,
AUT,CGEXP,ECOAFF,PC,A,2013,12.24,
AUT,CGEXP,ECOAFF,PC,A,2014,14.87,
AUT,CGEXP,ECOAFF,PC,A,2015,12.08,
AUT,CGEXP,ECOAFF,PC,A,2016,11.09,
AUT,CGEXP,RECULTREL,PC,A,2007,2.32,
AUT,CGEXP,RECULTREL,PC,A,2008,1.92,
AUT,CGEXP,RECULTREL,PC,A,2009,1.84,
AUT,CGEXP,RECULTREL,PC,A,2010,1.75,
AUT,CGEXP,RECULTREL,PC,A,2011,1.84,
AUT,CGEXP,RECULTREL,PC,A,2012,1.77,
AUT,CGEXP,RECULTREL,PC,A,2013,1.78,
AUT,CGEXP,RECULTREL,PC,A,2014,1.7,
AUT,CGEXP,RECULTREL,PC,A,2015,1.72,
AUT,CGEXP,RECULTREL,PC,A,2016,1.78,
BEL,CGEXP,EDU,PC,A,2007,4.25,
BEL,CGEXP,EDU,PC,A,2008,4.29,
BEL,CGEXP,EDU,PC,A,2009,4.5,
BEL,CGEXP,EDU,PC,A,2010,4.47,
BEL,CGEXP,EDU,PC,A,2011,4.43,
BEL,CGEXP,EDU,PC,A,2012,4.46,
BEL,CGEXP,EDU,PC,A,2013,4.75,
BEL,CGEXP,EDU,PC,A,2014,4.85,
BEL,CGEXP,EDU,PC,A,2015,5.45,
BEL,CGEXP,EDU,PC,A,2016,0.1,
CZE,CGEXP,ECOAFF,PC,A,2007,14.25,
CZE,CGEXP,ECOAFF,PC,A,2008,15.29,
CZE,CGEXP,ECOAFF,PC,A,2009,15.27,
CZE,CGEXP,ECOAFF,PC,A,2010,13.66,
CZE,CGEXP,ECOAFF,PC,A,2011,13.74,
CZE,CGEXP,ECOAFF,PC,A,2012,12.53,
CZE,CGEXP,ECOAFF,PC,A,2013,12.91,
CZE,CGEXP,ECOAFF,PC,A,2014,13.22,
CZE,CGEXP,ECOAFF,PC,A,2015,15.27,
CZE,CGEXP,ECOAFF,PC,A,2016,14.78,
CZE,CGEXP,RECULTREL,PC,A,2007,2.06,
CZE,CGEXP,RECULTREL,PC,A,2008,2.21,
CZE,CGEXP,RECULTREL,PC,A,2009,2.21,
CZE,CGEXP,RECULTREL,PC,A,2010,1.91,
CZE,CGEXP,RECULTREL,PC,A,2011,1.87,
CZE,CGEXP,RECULTREL,PC,A,2012,1.77,
CZE,CGEXP,RECULTREL,PC,A,2013,1.82,
CZE,CGEXP,RECULTREL,PC,A,2014,1.87,
CZE,CGEXP,RECULTREL,PC,A,2015,1.85,
CZE,CGEXP,RECULTREL,PC,A,2016,1.96,
DNK,CGEXP,EDU,PC,A,2007,9.36,
DNK,CGEXP,EDU,PC,A,2008,9.52,
DNK,CGEXP,EDU,PC,A,2009,9.4,
DNK,CGEXP,EDU,PC,A,2010,9.53,
DNK,CGEXP,EDU,PC,A,2011,9.01,
DNK,CGEXP,EDU,PC,A,2012,9.13,
DNK,CGEXP,EDU,PC,A,2013,9.72,
DNK,CGEXP,EDU,PC,A,2014,10.22,
DNK,CGEXP,EDU,PC,A,2015,10.18,
DNK,CGEXP,EDU,PC,A,2016,10.42,
FIN,CGEXP,DEF,PC,A,2007,5.72,
FIN,CGEXP,DEF,PC,A,2008,5.9,
FIN,CGEXP,DEF,PC,A,2009,5.72,
FIN,CGEXP,DEF,PC,A,2010,5.32,
FIN,CGEXP,DEF,PC,A,2011,4.95,
FIN,CGEXP,DEF,PC,A,2012,5.27,
FIN,CGEXP,DEF,PC,A,2013,5.13,
FIN,CGEXP,DEF,PC,A,2014,4.92,
FIN,CGEXP,DEF,PC,A,2015,4.8,
FIN,CGEXP,DEF,PC,A,2016,4.76,
FIN,CGEXP,ENVPROT,PC,A,2007,0.81,
FIN,CGEXP,ENVPROT,PC,A,2008,0.74,
FIN,CGEXP,ENVPROT,PC,A,2009,0.76,
FIN,CGEXP,ENVPROT,PC,A,2010,0.72,
FIN,CGEXP,ENVPROT,PC,A,2011,0.65,
FIN,CGEXP,ENVPROT,PC,A,2012,0.65,
FIN,CGEXP,ENVPROT,PC,A,2013,0.67,
FIN,CGEXP,ENVPROT,PC,A,2014,0.66,
FIN,CGEXP,ENVPROT,PC,A,2015,0.6,
FIN,CGEXP,ENVPROT,PC,A,2016,0.56,
FIN,CGEXP,HOUCOMM,PC,A,2007,0.72,
FIN,CGEXP,HOUCOMM,PC,A,2008,0.75,
FIN,CGEXP,HOUCOMM,PC,A,2009,0.83,
FIN,CGEXP,HOUCOMM,PC,A,2010,1.04,
FIN,CGEXP,HOUCOMM,PC,A,2011,0.99,
FIN,CGEXP,HOUCOMM,PC,A,2012,0.73,
FIN,CGEXP,HOUCOMM,PC,A,2013,0.69,
FIN,CGEXP,HOUCOMM,PC,A,2014,0.64,
FIN,CGEXP,HOUCOMM,PC,A,2015,0.77,
FIN,CGEXP,HOUCOMM,PC,A,2016,0.72,
FIN,CGEXP,PUBORD,PC,A,2007,4.01,
FIN,CGEXP,PUBORD,PC,A,2008,4.1,
FIN,CGEXP,PUBORD,PC,A,2009,4.08,
FIN,CGEXP,PUBORD,PC,A,2010,4.21,
FIN,CGEXP,PUBORD,PC,A,2011,3.92,
FIN,CGEXP,PUBORD,PC,A,2012,3.91,
FIN,CGEXP,PUBORD,PC,A,2013,3.79,
FIN,CGEXP,PUBORD,PC,A,2014,3.57,
FIN,CGEXP,PUBORD,PC,A,2015,3.64,
FIN,CGEXP,PUBORD,PC,A,2016,3.5,
FRA,CGEXP,ECOAFF,PC,A,2007,11.53,
FRA,CGEXP,ECOAFF,PC,A,2008,11.98,
FRA,CGEXP,ECOAFF,PC,A,2009,12.75,
FRA,CGEXP,ECOAFF,PC,A,2010,12.86,
FRA,CGEXP,ECOAFF,PC,A,2011,12.76,
FRA,CGEXP,ECOAFF,PC,A,2012,13.18,
FRA,CGEXP,ECOAFF,PC,A,2013,13.13,
FRA,CGEXP,ECOAFF,PC,A,2014,14.54,
FRA,CGEXP,ECOAFF,PC,A,2015,16.6,P
FRA,CGEXP,ECOAFF,PC,A,2016,16.58,P
FRA,CGEXP,RECULTREL,PC,A,2007,1.54,
FRA,CGEXP,RECULTREL,PC,A,2008,1.62,
FRA,CGEXP,RECULTREL,PC,A,2009,1.59,
FRA,CGEXP,RECULTREL,PC,A,2010,1.5,
FRA,CGEXP,RECULTREL,PC,A,2011,1.42,
FRA,CGEXP,RECULTREL,PC,A,2012,1.36,
FRA,CGEXP,RECULTREL,PC,A,2013,1.29,
FRA,CGEXP,RECULTREL,PC,A,2014,1.23,
FRA,CGEXP,RECULTREL,PC,A,2015,1.11,P
FRA,CGEXP,RECULTREL,PC,A,2016,1.04,P
DEU,CGEXP,EDU,PC,A,2007,1.34,
DEU,CGEXP,EDU,PC,A,2008,1.24,
DEU,CGEXP,EDU,PC,A,2009,1.21,
DEU,CGEXP,EDU,PC,A,2010,0.97,
DEU,CGEXP,EDU,PC,A,2011,1.17,
DEU,CGEXP,EDU,PC,A,2012,1.34,
DEU,CGEXP,EDU,PC,A,2013,1.4,
DEU,CGEXP,EDU,PC,A,2014,2.52,
DEU,CGEXP,EDU,PC,A,2015,2.74,
DEU,CGEXP,EDU,PC,A,2016,2.76,
GRC,CGEXP,DEF,PC,A,2007,7.81,
GRC,CGEXP,DEF,PC,A,2008,7.65,
GRC,CGEXP,DEF,PC,A,2009,7.86,
GRC,CGEXP,DEF,PC,A,2010,6.76,
GRC,CGEXP,DEF,PC,A,2011,5.81,
GRC,CGEXP,DEF,PC,A,2012,5.7,
GRC,CGEXP,DEF,PC,A,2013,4.13,
GRC,CGEXP,DEF,PC,A,2014,6.89,
GRC,CGEXP,DEF,PC,A,2015,6.09,
GRC,CGEXP,DEF,PC,A,2016,5.55,
GRC,CGEXP,HEALTH,PC,A,2007,7.57,
GRC,CGEXP,HEALTH,PC,A,2008,7.34,
GRC,CGEXP,HEALTH,PC,A,2009,7.31,
GRC,CGEXP,HEALTH,PC,A,2010,7.82,
GRC,CGEXP,HEALTH,PC,A,2011,6.09,
GRC,CGEXP,HEALTH,PC,A,2012,6.34,
GRC,CGEXP,HEALTH,PC,A,2013,4.87,
GRC,CGEXP,HEALTH,PC,A,2014,6.41,
GRC,CGEXP,HEALTH,PC,A,2015,5.94,
GRC,CGEXP,HEALTH,PC,A,2016,6.57,
GRC,CGEXP,HOUCOMM,PC,A,2007,0.29,
GRC,CGEXP,HOUCOMM,PC,A,2008,0.34,
GRC,CGEXP,HOUCOMM,PC,A,2009,0.56,
GRC,CGEXP,HOUCOMM,PC,A,2010,0.2,
GRC,CGEXP,HOUCOMM,PC,A,2011,0.19,
GRC,CGEXP,HOUCOMM,PC,A,2012,0.21,
GRC,CGEXP,HOUCOMM,PC,A,2013,0.13,
GRC,CGEXP,HOUCOMM,PC,A,2014,0.17,
GRC,CGEXP,HOUCOMM,PC,A,2015,0.13,
GRC,CGEXP,HOUCOMM,PC,A,2016,0.14,
GRC,CGEXP,PUBORD,PC,A,2007,4.16,
GRC,CGEXP,PUBORD,PC,A,2008,4,
GRC,CGEXP,PUBORD,PC,A,2009,4.17,
GRC,CGEXP,PUBORD,PC,A,2010,4.44,
GRC,CGEXP,PUBORD,PC,A,2011,4.14,
GRC,CGEXP,PUBORD,PC,A,2012,4.32,
GRC,CGEXP,PUBORD,PC,A,2013,3.54,
GRC,CGEXP,PUBORD,PC,A,2014,5.44,
GRC,CGEXP,PUBORD,PC,A,2015,5.05,
GRC,CGEXP,PUBORD,PC,A,2016,5.66,
HUN,CGEXP,ECOAFF,PC,A,2007,19.14,
HUN,CGEXP,ECOAFF,PC,A,2008,16.45,
HUN,CGEXP,ECOAFF,PC,A,2009,15.3,
HUN,CGEXP,ECOAFF,PC,A,2010,15.63,
HUN,CGEXP,ECOAFF,PC,A,2011,19.94,
HUN,CGEXP,ECOAFF,PC,A,2012,17.49,
HUN,CGEXP,ECOAFF,PC,A,2013,16.92,
HUN,CGEXP,ECOAFF,PC,A,2014,20.11,
HUN,CGEXP,ECOAFF,PC,A,2015,24.76,
HUN,CGEXP,ECOAFF,PC,A,2016,20,
HUN,CGEXP,RECULTREL,PC,A,2007,3.01,
HUN,CGEXP,RECULTREL,PC,A,2008,3.13,
HUN,CGEXP,RECULTREL,PC,A,2009,2.93,
HUN,CGEXP,RECULTREL,PC,A,2010,3.3,
HUN,CGEXP,RECULTREL,PC,A,2011,3.27,
HUN,CGEXP,RECULTREL,PC,A,2012,4.22,
HUN,CGEXP,RECULTREL,PC,A,2013,3.57,
HUN,CGEXP,RECULTREL,PC,A,2014,4.01,
HUN,CGEXP,RECULTREL,PC,A,2015,4.57,
HUN,CGEXP,RECULTREL,PC,A,2016,8.91,
IRL,CGEXP,DEF,PC,A,2007,1.16,
IRL,CGEXP,DEF,PC,A,2008,1.16,
IRL,CGEXP,DEF,PC,A,2009,0.94,
IRL,CGEXP,DEF,PC,A,2010,0.57,
IRL,CGEXP,DEF,PC,A,2011,0.93,
IRL,CGEXP,DEF,PC,A,2012,0.98,
IRL,CGEXP,DEF,PC,A,2013,0.99,
IRL,CGEXP,DEF,PC,A,2014,1.11,
IRL,CGEXP,DEF,PC,A,2015,1.14,
IRL,CGEXP,DEF,PC,A,2016,1.2,
IRL,CGEXP,HEALTH,PC,A,2007,19.03,
IRL,CGEXP,HEALTH,PC,A,2008,17.95,
IRL,CGEXP,HEALTH,PC,A,2009,17.63,
IRL,CGEXP,HEALTH,PC,A,2010,11.85,
IRL,CGEXP,HEALTH,PC,A,2011,17.1,
IRL,CGEXP,HEALTH,PC,A,2012,18.78,
IRL,CGEXP,HEALTH,PC,A,2013,18.82,
IRL,CGEXP,HEALTH,PC,A,2014,18.97,
IRL,CGEXP,HEALTH,PC,A,2015,18.93,
IRL,CGEXP,HEALTH,PC,A,2016,19.99,
IRL,CGEXP,HOUCOMM,PC,A,2007,0.94,
IRL,CGEXP,HOUCOMM,PC,A,2008,1.22,
IRL,CGEXP,HOUCOMM,PC,A,2009,1.03,
IRL,CGEXP,HOUCOMM,PC,A,2010,0.69,
IRL,CGEXP,HOUCOMM,PC,A,2011,0.89,
IRL,CGEXP,HOUCOMM,PC,A,2012,0.99,
IRL,CGEXP,HOUCOMM,PC,A,2013,0.37,
IRL,CGEXP,HOUCOMM,PC,A,2014,1.3,
IRL,CGEXP,HOUCOMM,PC,A,2015,1.18,
IRL,CGEXP,HOUCOMM,PC,A,2016,1.34,
IRL,CGEXP,PUBORD,PC,A,2007,4.17,
IRL,CGEXP,PUBORD,PC,A,2008,4.05,
IRL,CGEXP,PUBORD,PC,A,2009,3.49,
IRL,CGEXP,PUBORD,PC,A,2010,2.41,
IRL,CGEXP,PUBORD,PC,A,2011,3.23,
IRL,CGEXP,PUBORD,PC,A,2012,3.36,
IRL,CGEXP,PUBORD,PC,A,2013,3.47,
IRL,CGEXP,PUBORD,PC,A,2014,3.48,
IRL,CGEXP,PUBORD,PC,A,2015,3.47,
IRL,CGEXP,PUBORD,PC,A,2016,3.68,
NLD,CGEXP,HEALTH,PC,A,2007,6.3,
NLD,CGEXP,HEALTH,PC,A,2008,6.43,
NLD,CGEXP,HEALTH,PC,A,2009,6.34,
NLD,CGEXP,HEALTH,PC,A,2010,9.23,
NLD,CGEXP,HEALTH,PC,A,2011,6.84,
NLD,CGEXP,HEALTH,PC,A,2012,6.98,
NLD,CGEXP,HEALTH,PC,A,2013,6.02,
NLD,CGEXP,HEALTH,PC,A,2014,6.08,
NLD,CGEXP,HEALTH,PC,A,2015,6.25,
NLD,CGEXP,HEALTH,PC,A,2016,6.03,P
NLD,CGEXP,SOCPROT,PC,A,2007,22.23,
NLD,CGEXP,SOCPROT,PC,A,2008,21.57,
NLD,CGEXP,SOCPROT,PC,A,2009,22.98,
NLD,CGEXP,SOCPROT,PC,A,2010,23.43,
NLD,CGEXP,SOCPROT,PC,A,2011,23.46,
NLD,CGEXP,SOCPROT,PC,A,2012,24.85,
NLD,CGEXP,SOCPROT,PC,A,2013,24.42,
NLD,CGEXP,SOCPROT,PC,A,2014,24.96,
NLD,CGEXP,SOCPROT,PC,A,2015,22.6,
NLD,CGEXP,SOCPROT,PC,A,2016,23.35,P
POL,CGEXP,SOCPROT,PC,A,2007,26.42,
POL,CGEXP,SOCPROT,PC,A,2008,27.29,
POL,CGEXP,SOCPROT,PC,A,2009,30.04,
POL,CGEXP,SOCPROT,PC,A,2010,31.96,
POL,CGEXP,SOCPROT,PC,A,2011,28.94,
POL,CGEXP,SOCPROT,PC,A,2012,27.97,
POL,CGEXP,SOCPROT,PC,A,2013,28.29,
POL,CGEXP,SOCPROT,PC,A,2014,25.58,
POL,CGEXP,SOCPROT,PC,A,2015,26.58,
POL,CGEXP,SOCPROT,PC,A,2016,30.04,
SVK,CGEXP,GRALPUBSER,PC,A,2007,26.35,
SVK,CGEXP,GRALPUBSER,PC,A,2008,25.73,
SVK,CGEXP,GRALPUBSER,PC,A,2009,26.6,
SVK,CGEXP,GRALPUBSER,PC,A,2010,23.51,
SVK,CGEXP,GRALPUBSER,PC,A,2011,23.98,
SVK,CGEXP,GRALPUBSER,PC,A,2012,24.49,
SVK,CGEXP,GRALPUBSER,PC,A,2013,26.78,
SVK,CGEXP,GRALPUBSER,PC,A,2014,26.87,
SVK,CGEXP,GRALPUBSER,PC,A,2015,27.42,
SVK,CGEXP,GRALPUBSER,PC,A,2016,26.71,
ESP,CGEXP,SOCPROT,PC,A,2007,6.86,
ESP,CGEXP,SOCPROT,PC,A,2008,7.11,
ESP,CGEXP,SOCPROT,PC,A,2009,6.36,
ESP,CGEXP,SOCPROT,PC,A,2010,7.28,
ESP,CGEXP,SOCPROT,PC,A,2011,7.15,
ESP,CGEXP,SOCPROT,PC,A,2012,5.76,
ESP,CGEXP,SOCPROT,PC,A,2013,6.75,
ESP,CGEXP,SOCPROT,PC,A,2014,7.06,
ESP,CGEXP,SOCPROT,PC,A,2015,7.39,
ESP,CGEXP,SOCPROT,PC,A,2016,7.93,P
GBR,CGEXP,EDU,PC,A,2007,12.12,
GBR,CGEXP,EDU,PC,A,2008,11.84,
GBR,CGEXP,EDU,PC,A,2009,11.97,
GBR,CGEXP,EDU,PC,A,2010,11.79,
GBR,CGEXP,EDU,PC,A,2011,11.21,
GBR,CGEXP,EDU,PC,A,2012,10.86,
GBR,CGEXP,EDU,PC,A,2013,10.76,
GBR,CGEXP,EDU,PC,A,2014,11,
GBR,CGEXP,EDU,PC,A,2015,10.79,
GBR,CGEXP,EDU,PC,A,2016,10.71,
AUT,CGEXP,SOCPROT,PC,A,2007,29.76,
AUT,CGEXP,SOCPROT,PC,A,2008,29.51,
AUT,CGEXP,SOCPROT,PC,A,2009,30.48,
AUT,CGEXP,SOCPROT,PC,A,2010,31.89,
AUT,CGEXP,SOCPROT,PC,A,2011,31.1,
AUT,CGEXP,SOCPROT,PC,A,2012,31.3,
AUT,CGEXP,SOCPROT,PC,A,2013,31.17,
AUT,CGEXP,SOCPROT,PC,A,2014,31.07,
AUT,CGEXP,SOCPROT,PC,A,2015,31.79,
AUT,CGEXP,SOCPROT,PC,A,2016,32.18,
CZE,CGEXP,SOCPROT,PC,A,2007,37.68,
CZE,CGEXP,SOCPROT,PC,A,2008,37.92,
CZE,CGEXP,SOCPROT,PC,A,2009,38.84,
CZE,CGEXP,SOCPROT,PC,A,2010,39.53,
CZE,CGEXP,SOCPROT,PC,A,2011,39.82,
CZE,CGEXP,SOCPROT,PC,A,2012,38.19,
CZE,CGEXP,SOCPROT,PC,A,2013,41.29,
CZE,CGEXP,SOCPROT,PC,A,2014,40.87,
CZE,CGEXP,SOCPROT,PC,A,2015,39.32,
CZE,CGEXP,SOCPROT,PC,A,2016,40.31,
FRA,CGEXP,SOCPROT,PC,A,2007,21.16,
FRA,CGEXP,SOCPROT,PC,A,2008,20.77,
FRA,CGEXP,SOCPROT,PC,A,2009,20.69,
FRA,CGEXP,SOCPROT,PC,A,2010,18.94,
FRA,CGEXP,SOCPROT,PC,A,2011,20.65,
FRA,CGEXP,SOCPROT,PC,A,2012,20.93,
FRA,CGEXP,SOCPROT,PC,A,2013,21.33,
FRA,CGEXP,SOCPROT,PC,A,2014,21.33,
FRA,CGEXP,SOCPROT,PC,A,2015,21.13,P
FRA,CGEXP,SOCPROT,PC,A,2016,22.23,P
GRC,CGEXP,ENVPROT,PC,A,2007,1,
GRC,CGEXP,ENVPROT,PC,A,2008,1.11,
GRC,CGEXP,ENVPROT,PC,A,2009,0.84,
GRC,CGEXP,ENVPROT,PC,A,2010,0.76,
GRC,CGEXP,ENVPROT,PC,A,2011,0.88,
GRC,CGEXP,ENVPROT,PC,A,2012,1.38,
GRC,CGEXP,ENVPROT,PC,A,2013,2.16,
GRC,CGEXP,ENVPROT,PC,A,2014,2.5,
GRC,CGEXP,ENVPROT,PC,A,2015,2.28,
GRC,CGEXP,ENVPROT,PC,A,2016,2.75,
IRL,CGEXP,ENVPROT,PC,A,2007,1.3,
IRL,CGEXP,ENVPROT,PC,A,2008,1.18,
IRL,CGEXP,ENVPROT,PC,A,2009,1.14,
IRL,CGEXP,ENVPROT,PC,A,2010,0.83,
IRL,CGEXP,ENVPROT,PC,A,2011,1,
IRL,CGEXP,ENVPROT,PC,A,2012,1.13,
IRL,CGEXP,ENVPROT,PC,A,2013,0.79,
IRL,CGEXP,ENVPROT,PC,A,2014,0.69,
IRL,CGEXP,ENVPROT,PC,A,2015,0.69,
IRL,CGEXP,ENVPROT,PC,A,2016,0.67,
ITA,CGEXP,ECOAFF,PC,A,2007,11.95,
ITA,CGEXP,ECOAFF,PC,A,2008,10.88,
ITA,CGEXP,ECOAFF,PC,A,2009,11.31,
ITA,CGEXP,ECOAFF,PC,A,2010,10.09,
ITA,CGEXP,ECOAFF,PC,A,2011,10.56,
ITA,CGEXP,ECOAFF,PC,A,2012,10.93,
ITA,CGEXP,ECOAFF,PC,A,2013,12.04,
ITA,CGEXP,ECOAFF,PC,A,2014,12,
ITA,CGEXP,ECOAFF,PC,A,2015,12.36,
ITA,CGEXP,ECOAFF,PC,A,2016,12.11,
ITA,CGEXP,RECULTREL,PC,A,2007,1.7,
ITA,CGEXP,RECULTREL,PC,A,2008,1.7,
ITA,CGEXP,RECULTREL,PC,A,2009,1.6,
ITA,CGEXP,RECULTREL,PC,A,2010,1.36,
ITA,CGEXP,RECULTREL,PC,A,2011,1.39,
ITA,CGEXP,RECULTREL,PC,A,2012,1.31,
ITA,CGEXP,RECULTREL,PC,A,2013,1.48,
ITA,CGEXP,RECULTREL,PC,A,2014,1.49,
ITA,CGEXP,RECULTREL,PC,A,2015,1.51,
ITA,CGEXP,RECULTREL,PC,A,2016,1.89,
LUX,CGEXP,ECOAFF,PC,A,2007,15.98,
LUX,CGEXP,ECOAFF,PC,A,2008,14.98,
LUX,CGEXP,ECOAFF,PC,A,2009,16.14,
LUX,CGEXP,ECOAFF,PC,A,2010,15.75,
LUX,CGEXP,ECOAFF,PC,A,2011,14.75,
LUX,CGEXP,ECOAFF,PC,A,2012,13.1,
LUX,CGEXP,ECOAFF,PC,A,2013,14.36,
LUX,CGEXP,ECOAFF,PC,A,2014,15.24,P
LUX,CGEXP,ECOAFF,PC,A,2015,15.78,P
LUX,CGEXP,ECOAFF,PC,A,2016,16.03,P
LUX,CGEXP,RECULTREL,PC,A,2007,4.57,
LUX,CGEXP,RECULTREL,PC,A,2008,3.56,
LUX,CGEXP,RECULTREL,PC,A,2009,3.57,
LUX,CGEXP,RECULTREL,PC,A,2010,3.11,
LUX,CGEXP,RECULTREL,PC,A,2011,2.76,
LUX,CGEXP,RECULTREL,PC,A,2012,2,
LUX,CGEXP,RECULTREL,PC,A,2013,1.95,
LUX,CGEXP,RECULTREL,PC,A,2014,1.93,P
LUX,CGEXP,RECULTREL,PC,A,2015,1.89,P
LUX,CGEXP,RECULTREL,PC,A,2016,1.91,P
NLD,CGEXP,DEF,PC,A,2007,5.1,
NLD,CGEXP,DEF,PC,A,2008,4.88,
NLD,CGEXP,DEF,PC,A,2009,4.76,
NLD,CGEXP,DEF,PC,A,2010,4.32,
NLD,CGEXP,DEF,PC,A,2011,4.6,
NLD,CGEXP,DEF,PC,A,2012,4.26,
NLD,CGEXP,DEF,PC,A,2013,4.46,
NLD,CGEXP,DEF,PC,A,2014,4.17,
NLD,CGEXP,DEF,PC,A,2015,4.19,
NLD,CGEXP,DEF,PC,A,2016,4.48,P
NLD,CGEXP,HOUCOMM,PC,A,2007,0.76,
NLD,CGEXP,HOUCOMM,PC,A,2008,0.85,
NLD,CGEXP,HOUCOMM,PC,A,2009,1.13,
NLD,CGEXP,HOUCOMM,PC,A,2010,0.6,
NLD,CGEXP,HOUCOMM,PC,A,2011,0.45,
NLD,CGEXP,HOUCOMM,PC,A,2012,0.36,
NLD,CGEXP,HOUCOMM,PC,A,2013,0.53,
NLD,CGEXP,HOUCOMM,PC,A,2014,0.54,
NLD,CGEXP,HOUCOMM,PC,A,2015,0.22,
NLD,CGEXP,HOUCOMM,PC,A,2016,0.24,P
NLD,CGEXP,PUBORD,PC,A,2007,6.38,
NLD,CGEXP,PUBORD,PC,A,2008,6.49,
NLD,CGEXP,PUBORD,PC,A,2009,6.21,
NLD,CGEXP,PUBORD,PC,A,2010,5.9,
NLD,CGEXP,PUBORD,PC,A,2011,6.39,
NLD,CGEXP,PUBORD,PC,A,2012,6.42,
NLD,CGEXP,PUBORD,PC,A,2013,6.8,
NLD,CGEXP,PUBORD,PC,A,2014,6.3,
NLD,CGEXP,PUBORD,PC,A,2015,6.08,
NLD,CGEXP,PUBORD,PC,A,2016,6.26,P
POL,CGEXP,DEF,PC,A,2007,7.89,
POL,CGEXP,DEF,PC,A,2008,7.45,
POL,CGEXP,DEF,PC,A,2009,5.91,
POL,CGEXP,DEF,PC,A,2010,5.94,
POL,CGEXP,DEF,PC,A,2011,6.09,
POL,CGEXP,DEF,PC,A,2012,5.93,
POL,CGEXP,DEF,PC,A,2013,6.89,
POL,CGEXP,DEF,PC,A,2014,6.46,
POL,CGEXP,DEF,PC,A,2015,6.76,
POL,CGEXP,DEF,PC,A,2016,6.83,
POL,CGEXP,HEALTH,PC,A,2007,4.26,
POL,CGEXP,HEALTH,PC,A,2008,4.51,
POL,CGEXP,HEALTH,PC,A,2009,4.3,
POL,CGEXP,HEALTH,PC,A,2010,4.26,
POL,CGEXP,HEALTH,PC,A,2011,4.4,
POL,CGEXP,HEALTH,PC,A,2012,4.77,
POL,CGEXP,HEALTH,PC,A,2013,5.08,
POL,CGEXP,HEALTH,PC,A,2014,5.31,
POL,CGEXP,HEALTH,PC,A,2015,5.24,
POL,CGEXP,HEALTH,PC,A,2016,5.06,
POL,CGEXP,HOUCOMM,PC,A,2007,0.85,
POL,CGEXP,HOUCOMM,PC,A,2008,0.84,
POL,CGEXP,HOUCOMM,PC,A,2009,0.66,
POL,CGEXP,HOUCOMM,PC,A,2010,0.39,
POL,CGEXP,HOUCOMM,PC,A,2011,0.97,
POL,CGEXP,HOUCOMM,PC,A,2012,0.8,
POL,CGEXP,HOUCOMM,PC,A,2013,0.93,
POL,CGEXP,HOUCOMM,PC,A,2014,0.75,
POL,CGEXP,HOUCOMM,PC,A,2015,0.75,
POL,CGEXP,HOUCOMM,PC,A,2016,0.5,
POL,CGEXP,PUBORD,PC,A,2007,8.39,
POL,CGEXP,PUBORD,PC,A,2008,8.48,
POL,CGEXP,PUBORD,PC,A,2009,8.65,
POL,CGEXP,PUBORD,PC,A,2010,8.12,
POL,CGEXP,PUBORD,PC,A,2011,8.2,
POL,CGEXP,PUBORD,PC,A,2012,8.45,
POL,CGEXP,PUBORD,PC,A,2013,8.67,
POL,CGEXP,PUBORD,PC,A,2014,9.11,
POL,CGEXP,PUBORD,PC,A,2015,9.07,
POL,CGEXP,PUBORD,PC,A,2016,8.85,
ESP,CGEXP,HEALTH,PC,A,2007,1.31,
ESP,CGEXP,HEALTH,PC,A,2008,1.34,
ESP,CGEXP,HEALTH,PC,A,2009,1.4,
ESP,CGEXP,HEALTH,PC,A,2010,1.31,
ESP,CGEXP,HEALTH,PC,A,2011,1.33,
ESP,CGEXP,HEALTH,PC,A,2012,1.01,
ESP,CGEXP,HEALTH,PC,A,2013,1.18,
ESP,CGEXP,HEALTH,PC,A,2014,1.21,
ESP,CGEXP,HEALTH,PC,A,2015,1.23,
ESP,CGEXP,HEALTH,PC,A,2016,1.29,P
ESP,CGEXP,HOUCOMM,PC,A,2007,0.22,
ESP,CGEXP,HOUCOMM,PC,A,2008,0.23,
ESP,CGEXP,HOUCOMM,PC,A,2009,0.2,
ESP,CGEXP,HOUCOMM,PC,A,2010,0.14,
ESP,CGEXP,HOUCOMM,PC,A,2011,0.09,
ESP,CGEXP,HOUCOMM,PC,A,2012,0.05,
ESP,CGEXP,HOUCOMM,PC,A,2013,0.05,
ESP,CGEXP,HOUCOMM,PC,A,2014,0.04,
ESP,CGEXP,HOUCOMM,PC,A,2015,0.04,
ESP,CGEXP,HOUCOMM,PC,A,2016,0.02,P
EST,CGEXP,RECULTREL,PC,A,2007,4.15,
EST,CGEXP,RECULTREL,PC,A,2008,3.72,
EST,CGEXP,RECULTREL,PC,A,2009,3.53,
EST,CGEXP,RECULTREL,PC,A,2010,3.74,
EST,CGEXP,RECULTREL,PC,A,2011,3.62,
EST,CGEXP,RECULTREL,PC,A,2012,3.13,
EST,CGEXP,RECULTREL,PC,A,2013,3.58,
EST,CGEXP,RECULTREL,PC,A,2014,3.56,
EST,CGEXP,RECULTREL,PC,A,2015,3.53,
EST,CGEXP,RECULTREL,PC,A,2016,3.62,
SVN,CGEXP,ECOAFF,PC,A,2007,12.6,
SVN,CGEXP,ECOAFF,PC,A,2008,14.38,
SVN,CGEXP,ECOAFF,PC,A,2009,12.61,
SVN,CGEXP,ECOAFF,PC,A,2010,13.71,
SVN,CGEXP,ECOAFF,PC,A,2011,15.62,
SVN,CGEXP,ECOAFF,PC,A,2012,12.66,
SVN,CGEXP,ECOAFF,PC,A,2013,34.62,
SVN,CGEXP,ECOAFF,PC,A,2014,16.98,
SVN,CGEXP,ECOAFF,PC,A,2015,17.07,
SVN,CGEXP,ECOAFF,PC,A,2016,12.92,
SVN,CGEXP,RECULTREL,PC,A,2007,2.48,
SVN,CGEXP,RECULTREL,PC,A,2008,3.69,
SVN,CGEXP,RECULTREL,PC,A,2009,3.57,
SVN,CGEXP,RECULTREL,PC,A,2010,3.8,
SVN,CGEXP,RECULTREL,PC,A,2011,3.52,
SVN,CGEXP,RECULTREL,PC,A,2012,3.6,
SVN,CGEXP,RECULTREL,PC,A,2013,2.65,
SVN,CGEXP,RECULTREL,PC,A,2014,3.01,
SVN,CGEXP,RECULTREL,PC,A,2015,3.26,
SVN,CGEXP,RECULTREL,PC,A,2016,3.11,
LVA,CGEXP,DEF,PC,A,2007,6.87,
LVA,CGEXP,DEF,PC,A,2008,6.36,
LVA,CGEXP,DEF,PC,A,2009,4.72,
LVA,CGEXP,DEF,PC,A,2010,3.87,
LVA,CGEXP,DEF,PC,A,2011,4.13,
LVA,CGEXP,DEF,PC,A,2012,4.01,
LVA,CGEXP,DEF,PC,A,2013,4.16,
LVA,CGEXP,DEF,PC,A,2014,3.82,
LVA,CGEXP,DEF,PC,A,2015,4.29,
LVA,CGEXP,DEF,PC,A,2016,7.41,
LVA,CGEXP,ECOAFF,PC,A,2007,19.62,
LVA,CGEXP,ECOAFF,PC,A,2008,24.68,
LVA,CGEXP,ECOAFF,PC,A,2009,26.29,
LVA,CGEXP,ECOAFF,PC,A,2010,31.48,
LVA,CGEXP,ECOAFF,PC,A,2011,26.13,
LVA,CGEXP,ECOAFF,PC,A,2012,23.75,
LVA,CGEXP,ECOAFF,PC,A,2013,22.63,
LVA,CGEXP,ECOAFF,PC,A,2014,22.25,
LVA,CGEXP,ECOAFF,PC,A,2015,21.7,
LVA,CGEXP,ECOAFF,PC,A,2016,20.71,
LVA,CGEXP,EDU,PC,A,2007,16.95,
LVA,CGEXP,EDU,PC,A,2008,17.58,
LVA,CGEXP,EDU,PC,A,2009,16.84,
LVA,CGEXP,EDU,PC,A,2010,14.26,
LVA,CGEXP,EDU,PC,A,2011,15.71,
LVA,CGEXP,EDU,PC,A,2012,16.13,
LVA,CGEXP,EDU,PC,A,2013,15.74,
LVA,CGEXP,EDU,PC,A,2014,15.34,
LVA,CGEXP,EDU,PC,A,2015,15.41,
LVA,CGEXP,EDU,PC,A,2016,13.45,
LVA,CGEXP,ENVPROT,PC,A,2007,3.32,
LVA,CGEXP,ENVPROT,PC,A,2008,2.98,
LVA,CGEXP,ENVPROT,PC,A,2009,0.86,
LVA,CGEXP,ENVPROT,PC,A,2010,0.75,
LVA,CGEXP,ENVPROT,PC,A,2011,2.85,
LVA,CGEXP,ENVPROT,PC,A,2012,2.77,
LVA,CGEXP,ENVPROT,PC,A,2013,2.76,
LVA,CGEXP,ENVPROT,PC,A,2014,2.48,
LVA,CGEXP,ENVPROT,PC,A,2015,2.54,
LVA,CGEXP,ENVPROT,PC,A,2016,2.43,
LVA,CGEXP,GRALPUBSER,PC,A,2007,14.9,
LVA,CGEXP,GRALPUBSER,PC,A,2008,13.75,
LVA,CGEXP,GRALPUBSER,PC,A,2009,16.92,
LVA,CGEXP,GRALPUBSER,PC,A,2010,16.64,
LVA,CGEXP,GRALPUBSER,PC,A,2011,17.78,
LVA,CGEXP,GRALPUBSER,PC,A,2012,19.24,
LVA,CGEXP,GRALPUBSER,PC,A,2013,19.69,
LVA,CGEXP,GRALPUBSER,PC,A,2014,18.87,
LVA,CGEXP,GRALPUBSER,PC,A,2015,19.25,
LVA,CGEXP,GRALPUBSER,PC,A,2016,17.15,
LVA,CGEXP,HEALTH,PC,A,2007,14.8,
LVA,CGEXP,HEALTH,PC,A,2008,15.26,
LVA,CGEXP,HEALTH,PC,A,2009,15,
LVA,CGEXP,HEALTH,PC,A,2010,14.07,
LVA,CGEXP,HEALTH,PC,A,2011,15.25,
LVA,CGEXP,HEALTH,PC,A,2012,15.83,
LVA,CGEXP,HEALTH,PC,A,2013,15.2,
LVA,CGEXP,HEALTH,PC,A,2014,14.81,
LVA,CGEXP,HEALTH,PC,A,2015,14.5,
LVA,CGEXP,HEALTH,PC,A,2016,15.71,
LVA,CGEXP,HOUCOMM,PC,A,2007,1.53,
LVA,CGEXP,HOUCOMM,PC,A,2008,1.95,
LVA,CGEXP,HOUCOMM,PC,A,2009,2.09,
LVA,CGEXP,HOUCOMM,PC,A,2010,3.25,
LVA,CGEXP,HOUCOMM,PC,A,2011,1.18,
LVA,CGEXP,HOUCOMM,PC,A,2012,1.38,
LVA,CGEXP,HOUCOMM,PC,A,2013,1.74,
LVA,CGEXP,HOUCOMM,PC,A,2014,1.3,
LVA,CGEXP,HOUCOMM,PC,A,2015,0.98,
LVA,CGEXP,HOUCOMM,PC,A,2016,0.21,
LVA,CGEXP,PUBORD,PC,A,2007,10.92,
LVA,CGEXP,PUBORD,PC,A,2008,8.67,
LVA,CGEXP,PUBORD,PC,A,2009,7.46,
LVA,CGEXP,PUBORD,PC,A,2010,6.48,
LVA,CGEXP,PUBORD,PC,A,2011,7.03,
LVA,CGEXP,PUBORD,PC,A,2012,7.32,
LVA,CGEXP,PUBORD,PC,A,2013,8.06,
LVA,CGEXP,PUBORD,PC,A,2014,7.85,
LVA,CGEXP,PUBORD,PC,A,2015,7.69,
LVA,CGEXP,PUBORD,PC,A,2016,8.99,
LVA,CGEXP,RECULTREL,PC,A,2007,4.57,
LVA,CGEXP,RECULTREL,PC,A,2008,3.88,
LVA,CGEXP,RECULTREL,PC,A,2009,3.77,
LVA,CGEXP,RECULTREL,PC,A,2010,3,
LVA,CGEXP,RECULTREL,PC,A,2011,3.99,
LVA,CGEXP,RECULTREL,PC,A,2012,3.52,
LVA,CGEXP,RECULTREL,PC,A,2013,3.61,
LVA,CGEXP,RECULTREL,PC,A,2014,3.49,
LVA,CGEXP,RECULTREL,PC,A,2015,3.23,
LVA,CGEXP,RECULTREL,PC,A,2016,3.04,
LVA,CGEXP,SOCPROT,PC,A,2007,6.51,
LVA,CGEXP,SOCPROT,PC,A,2008,4.89,
LVA,CGEXP,SOCPROT,PC,A,2009,6.05,
LVA,CGEXP,SOCPROT,PC,A,2010,6.2,
LVA,CGEXP,SOCPROT,PC,A,2011,5.95,
LVA,CGEXP,SOCPROT,PC,A,2012,6.05,
LVA,CGEXP,SOCPROT,PC,A,2013,6.41,
LVA,CGEXP,SOCPROT,PC,A,2014,9.79,
LVA,CGEXP,SOCPROT,PC,A,2015,10.41,
LVA,CGEXP,SOCPROT,PC,A,2016,10.9,
LTU,CGEXP,DEF,PC,A,2007,7.14,
LTU,CGEXP,DEF,PC,A,2008,5.09,
LTU,CGEXP,DEF,PC,A,2009,4.71,
LTU,CGEXP,DEF,PC,A,2010,4.12,
LTU,CGEXP,DEF,PC,A,2011,3.5,
LTU,CGEXP,DEF,PC,A,2012,4.23,
LTU,CGEXP,DEF,PC,A,2013,4.06,
LTU,CGEXP,DEF,PC,A,2014,4.37,
LTU,CGEXP,DEF,PC,A,2015,5.46,
LTU,CGEXP,DEF,PC,A,2016,6.8,
LTU,CGEXP,ECOAFF,PC,A,2007,12.79,
LTU,CGEXP,ECOAFF,PC,A,2008,12.89,
LTU,CGEXP,ECOAFF,PC,A,2009,11.9,
LTU,CGEXP,ECOAFF,PC,A,2010,12.13,
LTU,CGEXP,ECOAFF,PC,A,2011,23.34,
LTU,CGEXP,ECOAFF,PC,A,2012,10.09,
LTU,CGEXP,ECOAFF,PC,A,2013,10.99,
LTU,CGEXP,ECOAFF,PC,A,2014,10.87,
LTU,CGEXP,ECOAFF,PC,A,2015,11.45,
LTU,CGEXP,ECOAFF,PC,A,2016,9.75,
LTU,CGEXP,EDU,PC,A,2007,8.62,
LTU,CGEXP,EDU,PC,A,2008,10.04,
LTU,CGEXP,EDU,PC,A,2009,10.23,
LTU,CGEXP,EDU,PC,A,2010,9.25,
LTU,CGEXP,EDU,PC,A,2011,8.48,
LTU,CGEXP,EDU,PC,A,2012,11.04,
LTU,CGEXP,EDU,PC,A,2013,10.81,
LTU,CGEXP,EDU,PC,A,2014,10.78,
LTU,CGEXP,EDU,PC,A,2015,10.06,
LTU,CGEXP,EDU,PC,A,2016,9.04,
LTU,CGEXP,ENVPROT,PC,A,2007,0.72,
LTU,CGEXP,ENVPROT,PC,A,2008,0.65,
LTU,CGEXP,ENVPROT,PC,A,2009,0.61,
LTU,CGEXP,ENVPROT,PC,A,2010,0.71,
LTU,CGEXP,ENVPROT,PC,A,2011,-0.03,
LTU,CGEXP,ENVPROT,PC,A,2012,0.39,
LTU,CGEXP,ENVPROT,PC,A,2013,0.68,
LTU,CGEXP,ENVPROT,PC,A,2014,1.18,
LTU,CGEXP,ENVPROT,PC,A,2015,0.97,
LTU,CGEXP,ENVPROT,PC,A,2016,1.07,
LTU,CGEXP,GRALPUBSER,PC,A,2007,44.46,
LTU,CGEXP,GRALPUBSER,PC,A,2008,43.32,
LTU,CGEXP,GRALPUBSER,PC,A,2009,40.13,
LTU,CGEXP,GRALPUBSER,PC,A,2010,44.36,
LTU,CGEXP,GRALPUBSER,PC,A,2011,39.03,
LTU,CGEXP,GRALPUBSER,PC,A,2012,45.55,
LTU,CGEXP,GRALPUBSER,PC,A,2013,46.02,
LTU,CGEXP,GRALPUBSER,PC,A,2014,43.21,
LTU,CGEXP,GRALPUBSER,PC,A,2015,41.93,
LTU,CGEXP,GRALPUBSER,PC,A,2016,41.64,
LTU,CGEXP,HEALTH,PC,A,2007,9.55,
LTU,CGEXP,HEALTH,PC,A,2008,9.51,
LTU,CGEXP,HEALTH,PC,A,2009,12.03,
LTU,CGEXP,HEALTH,PC,A,2010,13.11,
LTU,CGEXP,HEALTH,PC,A,2011,11.61,
LTU,CGEXP,HEALTH,PC,A,2012,12.33,
LTU,CGEXP,HEALTH,PC,A,2013,11.95,
LTU,CGEXP,HEALTH,PC,A,2014,12.03,
LTU,CGEXP,HEALTH,PC,A,2015,12.23,
LTU,CGEXP,HEALTH,PC,A,2016,12.85,
LTU,CGEXP,HOUCOMM,PC,A,2007,0.09,
LTU,CGEXP,HOUCOMM,PC,A,2008,0.14,
LTU,CGEXP,HOUCOMM,PC,A,2009,0.42,
LTU,CGEXP,HOUCOMM,PC,A,2010,0.06,
LTU,CGEXP,HOUCOMM,PC,A,2011,0.04,
LTU,CGEXP,HOUCOMM,PC,A,2012,0.03,
LTU,CGEXP,HOUCOMM,PC,A,2013,0.04,
LTU,CGEXP,HOUCOMM,PC,A,2014,0.26,
LTU,CGEXP,HOUCOMM,PC,A,2015,0.23,
LTU,CGEXP,HOUCOMM,PC,A,2016,0.14,
LTU,CGEXP,PUBORD,PC,A,2007,6.36,
LTU,CGEXP,PUBORD,PC,A,2008,6.62,
LTU,CGEXP,PUBORD,PC,A,2009,6.32,
LTU,CGEXP,PUBORD,PC,A,2010,6.24,
LTU,CGEXP,PUBORD,PC,A,2011,5.42,
LTU,CGEXP,PUBORD,PC,A,2012,6.18,
LTU,CGEXP,PUBORD,PC,A,2013,5.69,
LTU,CGEXP,PUBORD,PC,A,2014,6.21,
LTU,CGEXP,PUBORD,PC,A,2015,6.15,
LTU,CGEXP,PUBORD,PC,A,2016,6.14,
LTU,CGEXP,RECULTREL,PC,A,2007,2.45,
LTU,CGEXP,RECULTREL,PC,A,2008,2.5,
LTU,CGEXP,RECULTREL,PC,A,2009,2.33,
LTU,CGEXP,RECULTREL,PC,A,2010,1.72,
LTU,CGEXP,RECULTREL,PC,A,2011,1.57,
LTU,CGEXP,RECULTREL,PC,A,2012,1.94,
LTU,CGEXP,RECULTREL,PC,A,2013,1.94,
LTU,CGEXP,RECULTREL,PC,A,2014,2.22,
LTU,CGEXP,RECULTREL,PC,A,2015,2.26,
LTU,CGEXP,RECULTREL,PC,A,2016,2.61,
LTU,CGEXP,SOCPROT,PC,A,2007,7.82,
LTU,CGEXP,SOCPROT,PC,A,2008,9.23,
LTU,CGEXP,SOCPROT,PC,A,2009,11.31,
LTU,CGEXP,SOCPROT,PC,A,2010,8.3,
LTU,CGEXP,SOCPROT,PC,A,2011,7.03,
LTU,CGEXP,SOCPROT,PC,A,2012,8.21,
LTU,CGEXP,SOCPROT,PC,A,2013,7.82,
LTU,CGEXP,SOCPROT,PC,A,2014,8.88,
LTU,CGEXP,SOCPROT,PC,A,2015,9.26,
LTU,CGEXP,SOCPROT,PC,A,2016,9.97,
